Station Name,Venue Name,Distance,Primary Category
Julius-Raab-Platz,Novotel Breakfast Spot,62,Breakfast Spot
Julius-Raab-Platz,Tullnerfelder,67,Bakery
Julius-Raab-Platz,Restaurant Holy Moly - am Badeschiff,84,Restaurant
Julius-Raab-Platz,Buenos Aires Beach Bar,88,Cocktail Bar
Julius-Raab-Platz,YORI Korean Dining,91,Korean Restaurant
Julius-Raab-Platz,Kantine,103,German Restaurant
Julius-Raab-Platz,Klyo,111,Bar
Julius-Raab-Platz,Xpedit,129,Bar
Julius-Raab-Platz,Pizzeria Ristorante Noli,140,Pizzeria
Julius-Raab-Platz,Do&Co Platinum,150,Dining and Drinking
Hoher Markt,Joma,24,Café
Hoher Markt,Caffe a Casa,44,Café
Hoher Markt,Pnyka,57,Bakery
Hoher Markt,Würstelstand Hoher Markt,65,Bratwurst Joint
Hoher Markt,Ra'Mien Go,65,Asian Restaurant
Hoher Markt,Wrenkh,90,Vegan and Vegetarian Restaurant
Hoher Markt,Café Bar Bloom,92,Bar
Hoher Markt,Schachtelwirt,96,Austrian Restaurant
Hoher Markt,"Le Burger, Rotenturmstraße",99,Burger Joint
Hoher Markt,Ristorante Fratelli,99,Italian Restaurant
Oper,Cafe Oper,9,Café
Oper,Anker,31,Bakery
Oper,Restaurant Korso im Bristol Hotel,51,Restaurant
Oper,Sushi Roll To Go,60,Sushi Restaurant
Oper,Gerstner K. und K. Hofzuckerbäcker,67,Café
Oper,Ristorante San Carlo,72,Italian Restaurant
Oper,Café Testa Rossa - Ringstraßengalerie,90,Bistro
Oper,Vienna Classic,100,Music Venue
Oper,Maredo,101,BBQ Joint
Oper,Cafe Bistro,106,Café
Volksgarten,Asia-Noodle Bude,2,Snack Place
Volksgarten,Kebap & Pizza World,18,Pizzeria
Volksgarten,Funny Noodles,26,Asian Restaurant
Volksgarten,Würstelstand beim Parlament,65,Buffet
Volksgarten,Pizzeria Senza Danza,69,Pizzeria
Volksgarten,Muscheldinner Naturhistorisches Museum,103,Seafood Restaurant
Volksgarten,Kaffeerestaurant Bellaria,108,Bistro
Volksgarten,Justizpalastkantine,135,Dining and Drinking
Volksgarten,Café in der Kuppelhalle im Naturhistorischen Museum,179,Café
Volksgarten,Justizcafe,209,Dining and Drinking
Taborstraße U2,Cafe U2,10,Café
Taborstraße U2,Minem Bäckerei,71,Bakery
Taborstraße U2,Asia Restaurant Wok Haus,76,Asian Restaurant
Taborstraße U2,Briuni,79,Italian Restaurant
Taborstraße U2,Danny's Baguette Bistro,88,Snack Place
Taborstraße U2,Prego Bäckerei,88,Bakery
Taborstraße U2,AINHORN BERNAT - Koscher Fleisch,93,Dining and Drinking
Taborstraße U2,Pancho,96,Cocktail Bar
Taborstraße U2,McDonald's,106,Burger Joint
Taborstraße U2,Bäckerei Ücler,111,Bakery
Erdberg U3,Anker,63,Bakery
Erdberg U3,Pizzeria Peccino,76,Pizzeria
Erdberg U3,Barney's Busstop,103,Deli
Erdberg U3,Sorbas Kebab,218,Diner
Erdberg U3,Kent/Restaurant/Viyana,234,Kebab Restaurant
Erdberg U3,Creperie La Crepette,324,Food and Beverage Retail
Erdberg U3,Gastwirtschaft Schmitzberger,345,Dining and Drinking
Erdberg U3,Blossom,396,Asian Restaurant
Erdberg U3,Yellow-Deli,413,Asian Restaurant
Erdberg U3,Gusto,416,Dining and Drinking
Media Quarter Marx,Restaurant Peter & Paul Deli & Bistro,5,Dining and Drinking
Media Quarter Marx,Leckerei,13,Dining and Drinking
Media Quarter Marx,Denklaufwerk,25,Hot Dog Joint
Media Quarter Marx,MARX Restauration GmbH,31,Dining and Drinking
Media Quarter Marx,The Nice Guys,54,Dining and Drinking
Media Quarter Marx,Anker Viehmarktgasse,67,Bakery
Media Quarter Marx,Vib Imbiss,91,Food Truck
Media Quarter Marx,T-Lunch,255,Dining and Drinking
Media Quarter Marx,HTM Kebap,271,Dining and Drinking
Media Quarter Marx,T-Centro,274,Italian Restaurant
Heumühlgasse,Zweitbester,9,Cocktail Bar
Heumühlgasse,Donatella Restaurant,24,Italian Restaurant
Heumühlgasse,Cuba Cafe Dani,60,Bar
Heumühlgasse,Made In Sud,63,Italian Restaurant
Heumühlgasse,Guzzi,88,Dining and Drinking
Heumühlgasse,Taste of India,102,Indian Restaurant
Heumühlgasse,Caffe Bacco,124,Italian Restaurant
Heumühlgasse,Bacchus & Co,133,Italian Restaurant
Heumühlgasse,Aromat,146,Dining and Drinking
Heumühlgasse,Das Gugg - Café und Vereinszentrum der HOSI,146,Café
Margaretengürtel U4,Johnpizza,131,Pizzeria
Margaretengürtel U4,Ali's,150,Café
Margaretengürtel U4,Frank's Gaststätte,176,Austrian Restaurant
Margaretengürtel U4,"Klein, aber fein",177,Austrian Restaurant
Margaretengürtel U4,Cafe City,181,Gastropub
Margaretengürtel U4,Auszeit,212,Kebab Restaurant
Margaretengürtel U4,Xin Chao Vietnamese Cuisine,219,Vietnamese Restaurant
Margaretengürtel U4,Chinarestaurant Zum Glück,236,Asian Restaurant
Margaretengürtel U4,Aend,247,Scandinavian Restaurant
Margaretengürtel U4,Miro's Cafe & Restaurant,257,Dining and Drinking
Mittersteig,La Fornace,90,Italian Restaurant
Mittersteig,Seasons,98,Eastern European Restaurant
Mittersteig,Lupo - Piadina Bar & Cafe,115,Bar
Mittersteig,The Velvet Room,143,Bar
Mittersteig,Pizzeria Efes,164,Pizzeria
Mittersteig,Tat Bäckerei,169,Bakery
Mittersteig,Gasthaus Buchecker & Sohn,187,Austrian Restaurant
Mittersteig,Restaurant Ferdinand,188,Austrian Restaurant
Mittersteig,Cafeteria Francesco,195,Café
Mittersteig,Gergely's,212,Dining and Drinking
Berggasse,Vienna School of Coffee feat. Die Rösterin & Cafe Little Britain,24,Café
Berggasse,Wirtshaus Zum Roten Bären,43,Austrian Restaurant
Berggasse,Acapulco,60,Mexican Restaurant
Berggasse,SVEN'S SOHN Gastronomiebetriebs GmbH,74,Dining and Drinking
Berggasse,Sentepe Bistro & Café,85,Café
Berggasse,Planquadrat Cafe-Restaurant,93,Dining and Drinking
Berggasse,BrötchenWelt,109,Bakery
Berggasse,Mia & Mason,113,Cafeteria
Berggasse,Treffpunkt,115,Café
Berggasse,PLAIN Vienna,129,Dining and Drinking
Alfred-Böhm-Park,Cafe Juke Box,94,Café
Alfred-Böhm-Park,Laa Restaurant und Bar,99,Dining and Drinking
Alfred-Böhm-Park,Eurest Restaurant,140,Dining and Drinking
Alfred-Böhm-Park,Greissler,276,Deli
Alfred-Böhm-Park,Pizzanista!,399,Pizzeria
Alfred-Böhm-Park,Subway,407,Deli
Alfred-Böhm-Park,Gölsentaler‘s Beisl,409,Austrian Restaurant
Alfred-Böhm-Park,Cafe City X,548,Café
Alfred-Böhm-Park,China-Restaurant Jade,905,Asian Restaurant
Altes Landgut U1,Burger King,137,Burger Joint
Altes Landgut U1,Cafe City X,272,Café
Altes Landgut U1,McDonald's,314,Burger Joint
Altes Landgut U1,Da Campo,358,Café
Altes Landgut U1,Campina,369,Café
Altes Landgut U1,Viola Pub,372,Austrian Restaurant
Altes Landgut U1,Cafetteria,390,Café
Altes Landgut U1,Subway,395,Deli
Altes Landgut U1,Gölsentaler‘s Beisl,503,Austrian Restaurant
Bloch-Bauer-Promenade,Mimi Im Stadtelefant,101,Modern European Restaurant
Bloch-Bauer-Promenade,Wien Seyidoğlu Baklavalari 2,177,Pastry Shop
Bloch-Bauer-Promenade,Carpatia - Alimente Românești,301,Eastern European Restaurant
Bloch-Bauer-Promenade,URBAN's Lounge Restaurant,424,Dining and Drinking
Bloch-Bauer-Promenade,Anker Gellertplatz,475,Bakery
Bloch-Bauer-Promenade,Tadim Pizza,484,Fast Food Restaurant
Bloch-Bauer-Promenade,Casa Frascati,485,Pizzeria
Bloch-Bauer-Promenade,Cafe Tennis Arsenal,489,Café
Hauptbahnhof S U ,Heberer,54,Bakery
Hauptbahnhof S U ,Burger Bros,65,Burger Joint
Hauptbahnhof S U ,Le Crobag,69,Bakery
Hauptbahnhof S U ,Ströck,69,Bakery
Hauptbahnhof S U ,Leberkas-Pepi,70,Austrian Restaurant
Hauptbahnhof S U ,McCafe,71,Café
Hauptbahnhof S U ,Asiagourmet,77,Asian Restaurant
Hauptbahnhof S U ,Felber,78,Bakery
Hauptbahnhof S U ,McDonald's,81,Burger Joint
Hauptbahnhof S U ,Ramen&Co,82,Ramen Restaurant
Keplerplatz U1,Back Werk,19,Bagel Shop
Keplerplatz U1,Würstelstand Keplerplatz,44,BBQ Joint
Keplerplatz U1,Cafe At Keplerplatz,59,Café
Keplerplatz U1,Dürüm,64,Turkish Restaurant
Keplerplatz U1,Anker,70,Bakery
Keplerplatz U1,McDonald's,72,Burger Joint
Keplerplatz U1,Kebap Noodles,98,Fast Food Restaurant
Keplerplatz U1,Günay Restaurant,117,Turkish Restaurant
Keplerplatz U1,Frei Wild,122,Gastropub
Keplerplatz U1,Cafe Caktus 1,127,Café
Puchsbaumgasse,Lakaloo's,59,Bakery
Puchsbaumgasse,Magdas Kantine,75,Café
Puchsbaumgasse,Schnitzelhaus Quellenstrasse,202,Fast Food Restaurant
Puchsbaumgasse,Purki's Eck Beisl,218,Diner
Puchsbaumgasse,Geflügelimbiß - Latak GmbH,251,Buffet
Puchsbaumgasse,Tomato,325,Italian Restaurant
Puchsbaumgasse,Restaurant Pizzeria Stefan,327,Gastropub
Puchsbaumgasse,Caffe Bar Boemi,423,Café
Puchsbaumgasse,Eurest Restaurant,479,Dining and Drinking
Puchsbaumgasse,Laa Restaurant und Bar,493,Dining and Drinking
Enkplatz U3,Aida Café-Konditorei,31,Café
Enkplatz U3,Cafe Biedermeier,58,Café
Enkplatz U3,Pizzeria Piccolina,115,Pizzeria
Enkplatz U3,Kebab BRO'S,124,Pizzeria
Enkplatz U3,EFE Restaurant,178,Turkish Restaurant
Enkplatz U3,Utopia,179,Café
Enkplatz U3,Mantici,184,Turkish Restaurant
Enkplatz U3,Kang Noodles,187,Noodle Restaurant
Enkplatz U3,Cafe Salzer,208,Café
Enkplatz U3,Lily's Nudelhaus,209,Asian Restaurant
Gasometer U3,Felber,23,Bakery
Gasometer U3,Noodles,36,Noodle Restaurant
Gasometer U3,Anker,36,Bakery
Gasometer U3,McDonald's,37,Burger Joint
Gasometer U3,Noodle House,53,Chinese Restaurant
Gasometer U3,Natürlich Essbar,56,Asian Restaurant
Gasometer U3,Mc Café,77,Café
Gasometer U3,El Greco,89,Greek Restaurant
Gasometer U3,Restaurant Cenaro,109,Italian Restaurant
Gasometer U3,Marco Simonis - Urban Appetite,134,Deli
Geiselbergstraße S,Simmeringer Biergarterl,13,Gastropub
Geiselbergstraße S,Servus Grüß Dich,195,Dining and Drinking
Geiselbergstraße S,Anker,223,Dining and Drinking
Geiselbergstraße S,Restaurant ß-Lounge,274,Diner
Geiselbergstraße S,Gasthaus Markovic,290,Hostel
Geiselbergstraße S,Cafe Salzer,328,Café
Geiselbergstraße S,EB-Restaurantsbetriebe,357,Molecular Gastronomy Restaurant
Geiselbergstraße S,Siemens Werksküche,381,Dining and Drinking
Geiselbergstraße S,Lily's Nudelhaus,497,Asian Restaurant
Simmering S U,Würstlstand Endstation,54,Hot Dog Joint
Simmering S U,Ströck,55,Bakery
Simmering S U,Imbiss Endstation,70,Bratwurst Joint
Simmering S U,Domino's Pizza,119,Pizzeria
Simmering S U,Döner Kebab zersoy,178,Burger Joint
Simmering S U,Shanghai City,203,Chinese Restaurant
Simmering S U,Noodles & More,230,Asian Restaurant
Simmering S U,Ciğköftem,230,Vegan and Vegetarian Restaurant
Simmering S U,Zum Brüderlein,245,Dining and Drinking
Simmering S U,Yengari,263,Turkish Restaurant
Westbahnhof S U,Noodle-Rice-Sushi,17,Asian Restaurant
Westbahnhof S U,Türkis,37,Turkish Restaurant
Westbahnhof S U,Caffetteria PASCUCCI,41,Café
Westbahnhof S U,Dunkin',42,Donut Shop
Westbahnhof S U,Ströck,44,Bakery
Westbahnhof S U,Wenninger Bäckerei-Konditorei,44,Bakery
Westbahnhof S U,Ströck Fast&Pure,44,Snack Place
Westbahnhof S U,Nordsee,45,Seafood Restaurant
Westbahnhof S U,COCOS einfach asiatisch,46,Asian Restaurant
Westbahnhof S U,McDonald's,47,Burger Joint
Gymnasiumstraße,Tisch19,25,Dining and Drinking
Gymnasiumstraße,Yuuka,56,Asian Restaurant
Gymnasiumstraße,Madlik,62,Café
Gymnasiumstraße,Mankan Schnitzel & Grillhaus,63,Fried Chicken Joint
Gymnasiumstraße,Café-Bäckerei Linsbichler,84,Bakery
Gymnasiumstraße,"Cafe Bidl, Vienna",84,Café
Gymnasiumstraße,Clubraum Wc,94,Snack Place
Gymnasiumstraße,The Pie Factory,102,Café
Gymnasiumstraße,Mozart & Meisl,125,Lounge
Gymnasiumstraße,3 Mal 3,192,Gastropub
Floridsdorf S U,Ströck Floridsdorf,80,Bakery
Floridsdorf S U,Anker Bahnhof Floridsdorf,108,Bakery
Floridsdorf S U,Café Lounge Jonas,116,Dining and Drinking
Floridsdorf S U,Trünkel Wiener Wurstspezialitäten,117,Dining and Drinking
Floridsdorf S U,Pizza & Grill,138,Pizzeria
Floridsdorf S U,Xxl Burger,141,Burger Joint
Floridsdorf S U,Treffpunkt,151,Turkish Restaurant
Floridsdorf S U,Tschibo,158,Café
Floridsdorf S U,Pizza Uno,165,Pizzeria
Floridsdorf S U,Cafe Klim Bim,166,Bistro
Großfeldsiedlung U1,Nefis kebap,48,Doner Restaurant
Großfeldsiedlung U1,Noodle King,73,Asian Restaurant
Großfeldsiedlung U1,Ströck,92,Bakery
Großfeldsiedlung U1,Segafredo,108,Café
Großfeldsiedlung U1,Segafredo Eiscafe,118,Café
Großfeldsiedlung U1,La Stella,411,Pizzeria
Siemensstraße S,Zwick'l,106,Gastropub
Siemensstraße S,Restaurant Emerich & Söhne,216,Dining and Drinking
Siemensstraße S,SiemensCity Eurest,368,Dining and Drinking
Siemensstraße S,Lake Side,375,Dining and Drinking
Aspernstraße U2,Aspern Imbiss,16,Falafel Restaurant
Aspernstraße U2,Segafredo Aspern,59,Café
Aspernstraße U2,Thai Lanna,59,Thai Restaurant
Aspernstraße U2,Afiyet - Premium Kebap & Veggie,66,Doner Restaurant
Aspernstraße U2,Ginza Point,74,Asian Restaurant
Aspernstraße U2,Noodle King,95,Noodle Restaurant
Donauspital U2,Ströck,101,Bakery
Donauspital U2,Donautreff,103,BBQ Joint
Donauspital U2,Cafe Paracelsus,168,Café
Donauspital U2,Club der Kaffeefreunde des GZD im SMZ Ost,267,Café
Donauspital U2,Restaurant Jussi Kocher GmbH,344,Dining and Drinking
Donauspital U2,Буфет,353,Buffet
Donauspital U2,Schönes China,478,Chinese Restaurant
Donauspital U2,Donna Bella,497,Turkish Restaurant
Erzherzog-Karl-Straße S,Hendlkönig,193,Diner
Erzherzog-Karl-Straße S,Pera Cafe,197,Breakfast Spot
Erzherzog-Karl-Straße S,Pera Kebap,204,Buffet
Erzherzog-Karl-Straße S,Pizzeria Pronto,214,Pizzeria
Erzherzog-Karl-Straße S,Coffee garden,221,Cafeteria
Erzherzog-Karl-Straße S,Call Pizza,233,Pizzeria
Erzherzog-Karl-Straße S,Morvarid Pizza Kebab,246,Doner Restaurant
Erzherzog-Karl-Straße S,Nori,265,Asian Restaurant
Erzherzog-Karl-Straße S,Merkur Restaurant,266,Dining and Drinking
Erzherzog-Karl-Straße S,Hillinger,305,Diner
Hausfeldstraße S U,Ströck,38,Bakery
Hausfeldstraße S U,Fu Yang,73,Chinese Restaurant
Hausfeldstraße S U,Cafe Kaiser,79,Café
Pirquetgasse,M&P Lounge Cafe,213,Café
Pirquetgasse,Laguna am Ziegelhofteich,389,Café
Pirquetgasse,Gasthaus Hansi,443,Inn
Rennbahnweg U1,Geier. Die Bäckerei GmbH,6,Bakery
Rennbahnweg U1,Geier - Die Ideenbäckerei,42,Bakery
Rennbahnweg U1,Schnitzel & Pizza World Ilic,82,Burger Joint
Rennbahnweg U1,Salon Steaks & Ribs,163,American Restaurant
Rennbahnweg U1,Lucky Wok,389,Asian Restaurant
Stadlau U 2,L'Angelo Bello,258,Pizzeria
Stadlau U 2,McDonald's,371,Burger Joint
Stadlau U 2,Asia Restaurant Lou Wai Lou,391,Asian Restaurant
Stadlau U 2,Leopold Selitsch,406,Café
VIC Kaisermühlen U1,Ewok,64,Asian Restaurant
VIC Kaisermühlen U1,Restaurant UNO,77,Dining and Drinking
VIC Kaisermühlen U1,U Snack,108,Snack Place
VIC Kaisermühlen U1,Lunchtime 22,118,Dining and Drinking
VIC Kaisermühlen U1,Coffee Lounge im Tech Gate,124,Café
VIC Kaisermühlen U1,Coffee Lounge,140,Café
VIC Kaisermühlen U1,Fat Monk,152,Salad Restaurant
VIC Kaisermühlen U1,UNC Restaurant,172,Austrian Restaurant
VIC Kaisermühlen U1,Cafe Archiv,173,Café
VIC Kaisermühlen U1,Ströck Filiale,199,Bakery
Kagraner Platz U1,Pizzeria Fantastica,34,Pizzeria
Kagraner Platz U1,Myooi,53,Asian Restaurant
Kagraner Platz U1,Noodle King,67,Noodle Restaurant
Kagraner Platz U1,Nöbauer,84,Bakery
Kagraner Platz U1,Nöbauer U-Bahnstation,96,Bakery
Kagraner Platz U1,Culinari,103,Asian Restaurant
Kagraner Platz U1,Domino's Pizza,124,Pizzeria
Kagraner Platz U1,Felber,143,Bakery
Kagraner Platz U1,Schitzl Land,146,Food Court
Kagraner Platz U1,Döner Wow,150,Turkish Restaurant
Alterlaa U6,Szihnbrot Alterlaa,48,Bakery
Alterlaa U6,88Noodles,53,Asian Restaurant
Alterlaa U6,Alaturka,56,Turkish Restaurant
Alterlaa U6,Asia Restaurant Kama & Co,134,Chinese Restaurant
Alterlaa U6,Bäckerei Mann,141,Breakfast Spot
Alterlaa U6,Dragon town,180,Chinese Restaurant
Alterlaa U6,Pizza Plus,181,Pizzeria
Alterlaa U6,Interspar Restaurant,200,Dining and Drinking
Alterlaa U6,Anker Brot Kaufpark,218,Bakery
Alterlaa U6,Asia Restaurant Kama & Co,221,Asian Restaurant
Handelskai S U,Anker,21,Bakery
Handelskai S U,Canteen,23,Dining and Drinking
Handelskai S U,McDonald's,33,Burger Joint
Handelskai S U,Yiu Vegetarische Spezialitäten,122,Vegan and Vegetarian Restaurant
Handelskai S U,Cafe Amigo,160,Café
Handelskai S U,Burgerista,177,Burger Joint
Handelskai S U,Segafredo,184,Café
Handelskai S U,Subway,185,Deli
Handelskai S U,Geflügel Fisch Imbiss,185,BBQ Joint
Handelskai S U,Food Court,186,Food Court
Schwarzenbergplatz,Apron,82,Dining and Drinking
Schwarzenbergplatz,Casa Alberto,119,Italian Restaurant
Schwarzenbergplatz,Cafe PACASSI am Belvedere,146,Café
Schwarzenbergplatz,Tarim Uyghur Restaurant,166,Asian Restaurant
Schwarzenbergplatz,Kantine im Akademietheater,167,Gastropub
Schwarzenbergplatz,Zhany Asia Restaurant,192,Asian Restaurant
Schwarzenbergplatz,Imbisstreff in der City,198,Dining and Drinking
Schwarzenbergplatz,RCM - Raiffeisen Capital Management,200,Financial Planner
Schwarzenbergplatz,Falco's,217,Austrian Restaurant
Schwarzenbergplatz,ARCO essen & mehr,218,Dining and Drinking
Richard-Wagner-Platz,OSES Çiğ Köfte,33,Deli
Richard-Wagner-Platz,Pizzeria Da Filippo,53,Pizzeria
Richard-Wagner-Platz,Kebab Haus Thalia,85,Dining and Drinking
Richard-Wagner-Platz,Mersin Tantuni,156,Turkish Restaurant
Richard-Wagner-Platz,Künefeci,158,Dining and Drinking
Richard-Wagner-Platz,Laziza Restaurant,161,Middle Eastern Restaurant
Richard-Wagner-Platz,Café Fluid,190,Café
Richard-Wagner-Platz,Mr.Feng,203,Asian Restaurant
Richard-Wagner-Platz,Sandwich & Bolani Haus,213,Afghan Restaurant
Richard-Wagner-Platz,Fashion Cafe - Segafredo,214,Bar
Brünner Straße S,WS Restaurant,89,Asian Restaurant
Brünner Straße S,Pragersaloon,227,Turkish Restaurant
Brünner Straße S,Segafredo,323,Café
Brünner Straße S,Trezesniewski,333,Fast Food Restaurant
Brünner Straße S,Scala,348,Café
Brünner Straße S,Bierwerkstatt,361,Bar
Brünner Straße S,Trünkel,364,Dining and Drinking
Brünner Straße S,Raab Catering E.U.,368,Dining and Drinking
Brünner Straße S,Trześniewski,371,Snack Place
Brünner Straße S,Tchibo GmbH,383,Café
Wallensteinplatz,HELLgas Kochstudio,22,Fried Chicken Joint
Wallensteinplatz,Alora,28,Italian Restaurant
Wallensteinplatz,Vindobona Café,42,Music Venue
Wallensteinplatz,Osteria Allora,42,Trattoria
Wallensteinplatz,Anatolia,48,Donut Shop
Wallensteinplatz,Fu-du,62,Chinese Restaurant
Wallensteinplatz,Siri's Thai Haus,76,Asian Restaurant
Wallensteinplatz,Saphire Restaurant,100,Mediterranean Restaurant
Wallensteinplatz,Hacienda Ephemer,100,Mexican Restaurant
Wallensteinplatz,Burger Brothers,105,Burger Joint
Rennweg S,Hühnerparadies Tufan,11,Buffet
Rennweg S,Zum kleinen Sacher,19,BBQ Joint
Rennweg S,Noodles & More,22,Asian Restaurant
Rennweg S,Ströck,33,Bakery
Rennweg S,Anker,34,Bakery
Rennweg S,Fasanl-Wirt,37,Dining and Drinking
Rennweg S,Chilai Landstrasse,62,Bar
Rennweg S,Pizzeria Amigo,63,Pizzeria
Rennweg S,"Wien, Cafe Central 1876",68,Bakery
Rennweg S,Noodle King,70,Asian Restaurant
Niederhofstraße U6,Pizza/Kebap Lales 1,51,Pizzeria
Niederhofstraße U6,Backwerk,71,Bakery
Niederhofstraße U6,Pizzeria Quick,79,Pizzeria
Niederhofstraße U6,BackWerk,93,Bakery
Niederhofstraße U6,INTERSPAR-Restaurant,100,Dining and Drinking
Niederhofstraße U6,Palatin,121,Bar
Niederhofstraße U6,Weidlich,122,Café
Niederhofstraße U6,Lucky Fen,144,Chinese Restaurant
Niederhofstraße U6,Yakisoba,157,Chinese Restaurant
Niederhofstraße U6,Cafe Konditorei Caramel,157,Bakery
Alser Straße U6,Yao88,25,Asian Restaurant
Alser Straße U6,Pizzeria Casa Piccola,29,Pizzeria
Alser Straße U6,Imbiss Bostan,34,Fast Food Restaurant
Alser Straße U6,Zeitcafe,49,Dining and Drinking
Alser Straße U6,McDonald's,50,Burger Joint
Alser Straße U6,Kral Kebap,56,Falafel Restaurant
Alser Straße U6,Deniz Kebap alser strasse,58,Doner Restaurant
Alser Straße U6,Bäckerei Aslan,61,Bakery
Alser Straße U6,Cafe-Restaurant KA & KO,66,Café
Alser Straße U6,Kebab-Stand Alserstraße,71,Doner Restaurant
WU-Campus / Südportalstraße ,Library Cafe WU,103,Café
WU-Campus / Südportalstraße ,Anker,163,Bakery
WU-Campus / Südportalstraße ,Afro Coffee,183,Café
WU-Campus / Südportalstraße ,Das Campus,191,Modern European Restaurant
WU-Campus / Südportalstraße ,Garten Buffet,272,Dining and Drinking
WU-Campus / Südportalstraße ,Die Allee - zum Genuss,305,Dining and Drinking
WU-Campus / Südportalstraße ,Travel Shack's Hideaway,309,Bar
WU-Campus / Südportalstraße ,L'Osteria Wien Wirtschaftsuni,313,Bar
WU-Campus / Südportalstraße ,Konstantineck,313,Café
WU-Campus / Südportalstraße ,Mörwald's Palazzo,314,Dining and Drinking
Bahngasse / mdw-University of Music and Performing Arts,Pizzastandl,120,Italian Restaurant
Bahngasse / mdw-University of Music and Performing Arts,Pizzeria Grado,131,Pizzeria
Bahngasse / mdw-University of Music and Performing Arts,Chinarestaurant No. 27,215,Szechuan Restaurant
Bahngasse / mdw-University of Music and Performing Arts,AGGYS coffeeshop,222,Café
Bahngasse / mdw-University of Music and Performing Arts,Meze Meze,222,Bar
Bahngasse / mdw-University of Music and Performing Arts,"Restaurant zum alten Heller, Fam. Fügert",226,Dining and Drinking
Bahngasse / mdw-University of Music and Performing Arts,Pizzeria Vulcano,229,Pizzeria
Bahngasse / mdw-University of Music and Performing Arts,Winklers zum Posthorn,241,Diner
Bahngasse / mdw-University of Music and Performing Arts,Bieramt,252,Bar
Bahngasse / mdw-University of Music and Performing Arts,HAN am Stadtpark,254,Korean Restaurant
Radetzkyplatz,Gasthaus Wild,16,Austrian Restaurant
Radetzkyplatz,5 Sterne Deluxe,20,Hot Dog Joint
Radetzkyplatz,Vital Pizza & Pasta,32,Italian Restaurant
Radetzkyplatz,Anker,37,Bakery
Radetzkyplatz,Cafe Menta,40,Café
Radetzkyplatz,Nesim,41,Kebab Restaurant
Radetzkyplatz,Lili's Snack & Meal,59,Asian Restaurant
Radetzkyplatz,Mediterania,60,Mediterranean Restaurant
Radetzkyplatz,Kolonitz Beis'l,87,Dining and Drinking
Radetzkyplatz,Indus,136,Indian Restaurant
Rochusmarkt,Rojda Grill Restaurant,2,Turkish Restaurant
Rochusmarkt,Stellas,52,Dining and Drinking
Rochusmarkt,Cafe Zuckergoscherl,54,Dining and Drinking
Rochusmarkt,Zum Schmankerlwirt,64,Austrian Restaurant
Rochusmarkt,I-O Espresso,70,Café
Rochusmarkt,Trimelli,73,Pizzeria
Rochusmarkt,Döner H.A.S. Rochusmarkt,76,Turkish Restaurant
Rochusmarkt,Falafel Box,78,Falafel Restaurant
Rochusmarkt,Rochus Würstl,79,Sandwich Spot
Rochusmarkt,Pappa & Ciccia,81,Italian Restaurant
Spittelau S U,Ströck,65,Bakery
Spittelau S U,Imbiss Kebap,97,Doner Restaurant
Spittelau S U,Fein,111,Diner
Spittelau S U,Ersi Imbiss,148,Falafel Restaurant
Spittelau S U,The Mekan,150,Kebab Restaurant
Spittelau S U,Fette Berta,159,Snack Place
Spittelau S U,Fine - Snack Factory,160,Fast Food Restaurant
Spittelau S U,Kizilkayalar,203,Food Court
Spittelau S U,Wu's Noodles,204,Asian Restaurant
Spittelau S U,In Eat Out,208,Hot Dog Joint
Währinger Straße U6,Tullnerfelder Bäcker,41,Bakery
Währinger Straße U6,W.A Sanchez Burritos Tacos & Co,44,Burrito Restaurant
Währinger Straße U6,Bäckerei Josef Schrott,48,Bakery
Währinger Straße U6,Tibet Kultur Restaurant Songtsen Gampo,52,Asian Restaurant
Währinger Straße U6,Zur Bosnerei,52,BBQ Joint
Währinger Straße U6,Kantine Volksoper,62,Dining and Drinking
Währinger Straße U6,Café Io,62,Café
Währinger Straße U6,Tao Minibar,69,Sushi Restaurant
Währinger Straße U6,Lili Asia-Restaurant,84,Buffet
Währinger Straße U6,Bäckerei Geier,94,Bakery
Schüttauplatz,Gasthaus Seidles,49,Dining and Drinking
Schüttauplatz,Schüttau Kebap,60,Kebab Restaurant
Schüttauplatz,China Restaurant Shang Hau,69,Asian Restaurant
Schüttauplatz,Vorstadtwirt,72,Austrian Restaurant
Schüttauplatz,"Pizzakaiser - Pizza 2 go, Pizza & andere Speisen auch zum Bestellen",89,Pizzeria
Schüttauplatz,Cafe Plaudertascherl,91,Café
Schüttauplatz,Trento Bortolotti Gourmet,94,Café
Schüttauplatz,Rudolf Schuller,107,Butcher
Schüttauplatz,Wiener Schnitz'l Land,133,Fried Chicken Joint
Schüttauplatz,D-Wok,138,Asian Restaurant
Schwedenplatz,Angaralı Kebabcı,30,Steakhouse
Schwedenplatz,Hoppala Kebap!,34,Fast Food Restaurant
Schwedenplatz,Castelletto,37,Café
Schwedenplatz,McDonald's,38,Burger Joint
Schwedenplatz,Würstelstand beim Schwedenplatz,61,BBQ Joint
Schwedenplatz,Max & Benito,65,Burrito Restaurant
Schwedenplatz,Shako Maako,76,Middle Eastern Restaurant
Schwedenplatz,Happy Noodles,83,Fast Food Restaurant
Schwedenplatz,Pommes Freunde,88,Poutine Restaurant
Schwedenplatz,Hard Rock Cafe,95,Cocktail Bar
Waldmüllerpark,Gasthof Timo,189,Austrian Restaurant
Waldmüllerpark,Saray,302,Turkish Restaurant
Waldmüllerpark,Saray Kebap - Pizza,305,Pizzeria
Waldmüllerpark,Çiğköftem Gudrunstraße,306,Cigkofte Place
Waldmüllerpark,10Er Imbiss,322,Snack Place
Waldmüllerpark,Il Ponte,339,Dining and Drinking
Waldmüllerpark,Flos Dachterrasse,352,BBQ Joint
Waldmüllerpark,Doner Kebab,368,Fast Food Restaurant
Waldmüllerpark,Sahin Backeret & Konditorie,376,Bagel Shop
Waldmüllerpark,Favorim Kebap,376,Pizzeria
Schloss Schönbrunn,Schönbrunner Schlosscafe,111,Café
Schloss Schönbrunn,Residenz Cafe Restaurant,218,Café
Schloss Schönbrunn,Kutscher G'Wolb,226,Austrian Restaurant
Schloss Schönbrunn,Pizzeria Da Corrado,294,Pizzeria
Schloss Schönbrunn,Restaurant Zum Blauen Esel,374,Dining and Drinking
Schloss Schönbrunn,Wiener Grill Haus,375,Dining and Drinking
Schloss Schönbrunn,Pizzeria San Giovanni,467,Italian Restaurant
Hietzing U4,Noodle King,40,Asian Restaurant
Hietzing U4,Anker,48,Bakery
Hietzing U4,Asia Express,63,Asian Restaurant
Hietzing U4,Ströck,65,Bakery
Hietzing U4,Della Lucia,67,Bar
Hietzing U4,Kebab U Hietzing,74,Kebab Restaurant
Hietzing U4,McDonald's,76,Burger Joint
Hietzing U4,Bao Imbiss,89,Snack Place
Hietzing U4,Kebap,91,BBQ Joint
Hietzing U4,Schönbrunner Schlosscafé,149,Hotel
Praterstern S U,Zweistern,17,Café
Praterstern S U,Hansey,46,Austrian Restaurant
Praterstern S U,Gasthof Hansy,51,Dining and Drinking
Praterstern S U,Pizzeria il Castello,64,Pizzeria
Praterstern S U,Pure,72,Vegan and Vegetarian Restaurant
Praterstern S U,Happy Noodles,81,Asian Restaurant
Praterstern S U,McDonald's,85,Burger Joint
Praterstern S U,Segafredo,87,Café
Praterstern S U,Cafe Per Amico,89,Café
Praterstern S U,Praterstern Nudel,89,Asian Restaurant
Edelsinnstraße,Pizzeria Bambino,262,Pizzeria
Edelsinnstraße,Bahce,367,Hookah Bar
Edelsinnstraße,Tiziano,381,Italian Restaurant
Edelsinnstraße,Cafe & Lounge Hetzendorf,399,Beer Bar
Edelsinnstraße,Cafe Restaurant Beethoven,401,Dining and Drinking
Edelsinnstraße,Anker,410,Bakery
Edelsinnstraße,DELIkado Design.Caffé.Vienna,423,Café
Edelsinnstraße,Garnisonskasino MTK,443,Dining and Drinking
Edelsinnstraße,Bierstöckl,455,Dining and Drinking
Landstraße - Wien Mitte S U,Vapiano,7,Pizzeria
Landstraße - Wien Mitte S U,Dürüm-Kebap-Falafel,21,Falafel Restaurant
Landstraße - Wien Mitte S U,United Coffeeshop,39,Restaurant
Landstraße - Wien Mitte S U,Pasta & Cafe Interspar,41,Fast Food Restaurant
Landstraße - Wien Mitte S U,Daylounge - Cafe Bistro Bar,50,Bar
Landstraße - Wien Mitte S U,Joseph Genuss,54,Bakery
Landstraße - Wien Mitte S U,Sushi Cross,54,Sushi Restaurant
Landstraße - Wien Mitte S U,Ra'Mien Go,54,Noodle Restaurant
Landstraße - Wien Mitte S U,Longi Vegetarian Gourmet Asia Supermarket,54,Asian Restaurant
Landstraße - Wien Mitte S U,Cafe Mitte,54,Gastropub
Rustengasse,Viennas Vietnam am Schwendermarkt,23,Vietnamese Restaurant
Rustengasse,Landkind,51,Café
Rustengasse,Hello Vietnam,65,Vietnamese Restaurant
Rustengasse,Cafe Bar Lounge Zucchero,102,Lounge
Rustengasse,Restaurant Otto Weingartshofer,125,Restaurant
Rustengasse,Cafe Dubai,158,Café
Rustengasse,Bakijeva Rezidencija,229,Buffet
Rustengasse,LaBeny Pizzaservice,266,Pizzeria
Rustengasse,Pizzaria Casa Veneto,269,Snack Place
Rustengasse,NCOTB - News Coffee in the Block,276,Café
Stephansplatz U,Ristorante Firenze Enoteca,14,Italian Restaurant
Stephansplatz U,Aida Café,24,Café
Stephansplatz U,Cafe Konditorei,33,Café
Stephansplatz U,Akakiko,34,Asian Restaurant
Stephansplatz U,DO & CO Restaurant,51,Dining and Drinking
Stephansplatz U,Ristorante Settimo Cielo,60,Italian Restaurant
Stephansplatz U,Wiener Würstl,62,Beer Garden
Stephansplatz U,Cafe de l'Europe,85,Bistro
Stephansplatz U,Pizzeria Venezia,85,Pizzeria
Stephansplatz U,Rinderwahn,87,Burger Joint
Stubentor U,Wiener Würstl,43,Bratwurst Joint
Stubentor U,Würstelstand beim MAK,45,Fast Food Restaurant
Stubentor U,Café Prückel,79,Bistro
Stubentor U,Schimanskzy,87,Dining and Drinking
Stubentor U,Goldene Zeiten,125,Chinese Restaurant
Stubentor U,Salonplafond,133,Restaurant
Stubentor U,Plachutta Wollzeile,145,Austrian Restaurant
Stubentor U,Salon Plafond,163,Austrian Restaurant
Stubentor U,Comida y Ron,170,Caribbean Restaurant
Stubentor U,Mercado,192,Bar
Breitensee S,Schmankerl,121,Fried Chicken Joint
Breitensee S,MCC Fast Food,149,Fast Food Restaurant
Breitensee S,Pizza Flitzer,180,Pizzeria
Breitensee S,Pizzeria Picola,183,Pizzeria
Breitensee S,Barista 14,195,Café
Breitensee S,I.O Espresso,197,Café
Breitensee S,Origami Sushi House,250,Sushi Restaurant
Breitensee S,VIP-Imbiss,269,Buffet
Breitensee S,Wiener Schnitzlland,276,Buffet
Breitensee S,Café Chrivo,298,"Cafe, Coffee, and Tea House"
Hans-Mandl-Berufsschule,Hangover,45,Café
Hans-Mandl-Berufsschule,Café Oase Bar,172,Café
Hans-Mandl-Berufsschule,Im Eck,175,Café
Hans-Mandl-Berufsschule,Wirtshaus ASSMAYER,216,Austrian Restaurant
Hans-Mandl-Berufsschule,Gasthaus Alt,226,Inn
Hans-Mandl-Berufsschule,Sofram Kebap-Haus,249,Turkish Restaurant
Hans-Mandl-Berufsschule,Wilhelmsdorfer Stube,267,Dining and Drinking
Hans-Mandl-Berufsschule,Mittag essen - W,284,Gastropub
Hans-Mandl-Berufsschule,Pizzeria Pummarò,286,Pizzeria
Hans-Mandl-Berufsschule,Berliner Babo,288,Restaurant
Karlsplatz U / TU Wien,Heuer,35,Bar
Karlsplatz U / TU Wien,Cafe-Restaurant Resselpark,82,Café
Karlsplatz U / TU Wien,Korfu Restaurant BetriebsgesmbH,84,Greek Restaurant
Karlsplatz U / TU Wien,Vietthao,118,Vietnamese Restaurant
Karlsplatz U / TU Wien,Opern Schnitzel,126,Fast Food Restaurant
Karlsplatz U / TU Wien,McDonald's,130,Burger Joint
Karlsplatz U / TU Wien,Kostas - Griechische Spezialitäten,134,Greek Restaurant
Karlsplatz U / TU Wien,Asia In A Box,155,Asian Restaurant
Karlsplatz U / TU Wien,Wärmespender,158,Bar
Karlsplatz U / TU Wien,Wok & More,161,Asian Restaurant
Rathaus U2,Pizzeria San Giovanni,62,Pizzeria
Rathaus U2,Little Giant,81,Burger Joint
Rathaus U2,Antique Café,105,Breakfast Spot
Rathaus U2,Ohh! Sushi - Wok,111,Sushi Restaurant
Rathaus U2,Alter Rathauskeller,112,Dining and Drinking
Rathaus U2,Restaurant Vinothek Bankettzentrum Salon Rittersaal,114,Austrian Restaurant
Rathaus U2,Three Trees Restaurant,123,Dining and Drinking
Rathaus U2,Wiener Rathauskeller,138,Music Venue
Rathaus U2,Tin Tan,157,Fast Food Restaurant
Rathaus U2,Vino,162,Bistro
Zieglergasse U3,Würstel-Express,14,Bratwurst Joint
Zieglergasse U3,Suppengalerie,35,Buffet
Zieglergasse U3,Swing Kitchen,40,Burger Joint
Zieglergasse U3,Illypoint Vienna,44,Café
Zieglergasse U3,Green Express,45,Asian Restaurant
Zieglergasse U3,Cafe Cosmopolitan,48,Dining and Drinking
Zieglergasse U3,Mythos,52,Greek Restaurant
Zieglergasse U3,Kng Tao,55,Cantonese Restaurant
Zieglergasse U3,Türkis,55,Kebab Restaurant
Zieglergasse U3,Pizza House,58,Pizzeria
Plößlgasse,Demi Tass,67,Indian Restaurant
Plößlgasse,Stöckl im Park - Salm Bräu GmbH,252,Gastropub
Plößlgasse,Kaffeerestaurant Radiocafe,281,Café
Plößlgasse,Wohlleben Beisl,315,Austrian Restaurant
Plößlgasse,Casolaro Bros,323,Deli
Plößlgasse,Parkcafe,330,Café
Plößlgasse,Gartencafe Mirage,334,Café
Plößlgasse,Garten Cafe,336,Café
Plößlgasse,Zhany Asia Restaurant,350,Asian Restaurant
Plößlgasse,Gasthaus Belvedere,352,Inn
Heiligenstadt S U,Space 2 Eat,70,Dining and Drinking
Heiligenstadt S U,Circle SV Group Restaurant,100,Dining and Drinking
Heiligenstadt S U,SV Cafe,154,Café
Heiligenstadt S U,Der Mann,219,Bakery
Heiligenstadt S U,Brotzeit Gourmet Kantine,225,Austrian Restaurant
Heiligenstadt S U,Anker,266,Bakery
Heiligenstadt S U,Tekaway Sushi,268,Sushi Restaurant
Heiligenstadt S U,Kebap Pyramide,272,Diner
Heiligenstadt S U,Asiatische Nudeln,272,Chinese Restaurant
Heiligenstadt S U,Kebab Pizza,281,Snack Place
Rossauer Lände U,Lils leerer Kühlschrank,110,Mac and Cheese Joint
Rossauer Lände U,Koc Kebap,119,Diner
Rossauer Lände U,Cafe-Restaurant Zum Hannes - Inh Johannes Furtner,128,Dining and Drinking
Rossauer Lände U,Stomach,137,Dining and Drinking
Rossauer Lände U,FISH AND CHIP SHOP by CHARLIE P's,163,Fish and Chips Shop
Rossauer Lände U,Mortons,165,BBQ Joint
Rossauer Lände U,Oasia Restaurant,171,Asian Restaurant
Rossauer Lände U,A1 Kantine ODS 23,194,Dining and Drinking
Rossauer Lände U,Dazwischen - The Sandwich Spot,196,Sandwich Spot
Rossauer Lände U,Pancho & mas!,197,Mexican Restaurant
Lazarettgasse,Lotus Café & Bar,22,Café
Lazarettgasse,Zur goldenen Kugel,123,Dining and Drinking
Lazarettgasse,Das grüne Eck,123,German Restaurant
Lazarettgasse,Flying Diner,126,American Restaurant
Lazarettgasse,Quicky's - Burgers & More,128,Burger Joint
Lazarettgasse,Mittagspause,135,German Restaurant
Lazarettgasse,Zum Grünen Eck,147,Restaurant
Lazarettgasse,Hoang Long,185,Vietnamese Restaurant
Lazarettgasse,Pizzeria Giuliano,194,Pizzeria
Lazarettgasse,Shouko Ramen Bar,211,Ramen Restaurant
Volkstheater U,Bamboo Restaurant Neustiftgasse,49,Dessert Shop
Volkstheater U,Cafe Raimund,91,Café
Volkstheater U,Mari's Metcha Matcha,94,Japanese Restaurant
Volkstheater U,Cafe Liebling Volkstheater,109,Café
Volkstheater U,Justizcafe,112,Dining and Drinking
Volkstheater U,Ströck - Volkstheater U-Bahn,113,Bakery
Volkstheater U,Mario' Pizza,114,Pizzeria
Volkstheater U,Liebling Im Volkstheater,120,Café
Volkstheater U,Burger de Ville,123,Burger Joint
Volkstheater U,Noodle King,131,Asian Restaurant
Eslarngasse,Taverna Reloaded,13,Café
Eslarngasse,Al Sarago,60,Italian Restaurant
Eslarngasse,Kollar,68,Dining and Drinking
Eslarngasse,Halal Snack Box,70,Fast Food Restaurant
Eslarngasse,Trezesniewski,88,Bistro
Eslarngasse,Wohnzimmer - Dein Café Im 3Ten,101,Café
Eslarngasse,Pizzeria Ciao,108,Pizzeria
Eslarngasse,That's Amore,136,Pizzeria
Eslarngasse,ULI'S Veganeria - Ulrike Seidler,150,Vegan and Vegetarian Restaurant
Eslarngasse,Cafe Anders E.U.,155,Bar
Universitätsring,Cantinetta Allora,36,Pizzeria
Universitätsring,Landtmann's Bel-Etage,41,Café
Universitätsring,Allora CANTINETTA Vienna,54,Italian Restaurant
Universitätsring,Landtmann Cafe Restaurant,70,Bistro
Universitätsring,مطعم الفيروز في ڤيينا,73,Asian Restaurant
Universitätsring,Al Fayrooz,79,Lebanese Restaurant
Universitätsring,Irodium,103,Greek Restaurant
Universitätsring,Gasthaus zum Holunderstrauch Inh G Müller,110,Inn
Universitätsring,Swing Kitchen,117,Vegan and Vegetarian Restaurant
Universitätsring,Yamm!,136,Vegan and Vegetarian Restaurant
Sankt-Elisabeth-Platz,Obsthunger,7,Café
Sankt-Elisabeth-Platz,Semburger,97,Dining and Drinking
Sankt-Elisabeth-Platz,Sem,100,Caucasian Restaurant
Sankt-Elisabeth-Platz,Gasthaus Belvedere,109,Inn
Sankt-Elisabeth-Platz,Asia To Go,112,Asian Restaurant
Sankt-Elisabeth-Platz,Gartencafe Mirage,115,Café
Sankt-Elisabeth-Platz,Garten Cafe,117,Café
Sankt-Elisabeth-Platz,Cafe Goldegg,137,Café
Sankt-Elisabeth-Platz,Ristorante Perino,191,Gastropub
Sankt-Elisabeth-Platz,Gasthaus Engelhart,192,Dining and Drinking
Herrengasse U,Vapiano,30,Pizzeria
Herrengasse U,Regina Margherita,36,Pizzeria
Herrengasse U,Steigenberger Restaurant,53,Diner
Herrengasse U,Unger und Klein im Hochhaus,56,Café
Herrengasse U,Esterhazykeller,58,Dining and Drinking
Herrengasse U,Levante,74,Turkish Restaurant
Herrengasse U,JOSEPH - Brot vom pheinsten,85,Bakery
Herrengasse U,Venuss,97,Vegan and Vegetarian Restaurant
Herrengasse U,Le Bol Blanc,100,Café
Herrengasse U,Hopferl,105,Bar
Rathausplatz / Burgtheater,Ritter Ritter Concert Café,65,Café
Rathausplatz / Burgtheater,Vestibül - Restaurant im Burgtheater,70,Austrian Restaurant
Rathausplatz / Burgtheater,Taverne Poseidon,82,Greek Restaurant
Rathausplatz / Burgtheater,Kolariks Almhütte,85,Dining and Drinking
Rathausplatz / Burgtheater,Alto Adige / Südtirol by Gelbmanns Gaststube,88,Mediterranean Restaurant
Rathausplatz / Burgtheater,China Baron,104,Chinese Restaurant
Rathausplatz / Burgtheater,Sluka Cafe-Konditorei,176,Buffet
Rathausplatz / Burgtheater,Wiener Rathauskeller,180,Music Venue
Rathausplatz / Burgtheater,Landtmann Cafe Restaurant,201,Bistro
Rathausplatz / Burgtheater,Landtmann's Bel-Etage,204,Café
Arbeitergasse,Schnitzelhaus,20,Food Court
Arbeitergasse,WENIA Cafeteria &Restaurant,110,Café
Arbeitergasse,Pizzeria Restaurant Chacora,146,Indian Restaurant
Arbeitergasse,Kebap Pizza Stand,148,Sandwich Spot
Arbeitergasse,Cafe-Konditorei Neugebauer,166,Café
Arbeitergasse,Pizzeria Primavera,205,Pizzeria
Arbeitergasse,Haci Ustanin Yeri,235,Turkish Restaurant
Arbeitergasse,Has Döner,243,Doner Restaurant
Arbeitergasse,Einfach so.,256,Café
Arbeitergasse,Pizzeria San Marino,292,Pizzeria
Bauernfeldplatz / Palais Lichtenstein,Disco Brunch,29,Breakfast Spot
Bauernfeldplatz / Palais Lichtenstein,Gasthaus Wickerl,41,Dining and Drinking
Bauernfeldplatz / Palais Lichtenstein,Rubens Restaurant,42,Dining and Drinking
Bauernfeldplatz / Palais Lichtenstein,Das 1090,47,Restaurant
Bauernfeldplatz / Palais Lichtenstein,China-Restaurant Goldener Drache,59,Asian Restaurant
Bauernfeldplatz / Palais Lichtenstein,Pizza Pronto,60,Italian Restaurant
Bauernfeldplatz / Palais Lichtenstein,Café Naschsalon & Naschbox Online Shop,66,Café
Bauernfeldplatz / Palais Lichtenstein,Makedonija Grill/Pizzeria Pronto,109,BBQ Joint
Bauernfeldplatz / Palais Lichtenstein,Ruben's Brasserie,115,French Restaurant
Bauernfeldplatz / Palais Lichtenstein,Harmonie Vienna Breakfast,118,Austrian Restaurant
Johannesgasse,Cafe Hegelhof,76,Bistro
Johannesgasse,Paul,88,Dining and Drinking
Johannesgasse,Roo Bar,90,Bar
Johannesgasse,Das Johann,91,Dining and Drinking
Johannesgasse,Kursalon-Terrasse,96,Dining and Drinking
Johannesgasse,Melounge at the Ritz Carlton,102,American Restaurant
Johannesgasse,Elissar - libanesische Küche,106,Lebanese Restaurant
Johannesgasse,Da Vinci Restaurant and Bar,106,Italian Restaurant
Johannesgasse,Liebsteinsky,116,Bistro
Johannesgasse,Atmosphere,121,Café
Alserbachstraße,Blueorange Coffee & Bagel,25,Café
Alserbachstraße,Café Konditorei Bredendick,25,Café
Alserbachstraße,Rado´s Gastwirtschaft,40,Austrian Restaurant
Alserbachstraße,Favvas Gourmet,52,Gourmet Store
Alserbachstraße,El Café,55,Café
Alserbachstraße,Restaurant Astera,84,Middle Eastern Restaurant
Alserbachstraße,Smile Noodle,88,Noodle Restaurant
Alserbachstraße,Hühner Paradies,91,Buffet
Alserbachstraße,Cafe Spitt,94,Café
Alserbachstraße,Ginger & Spice,107,Asian Restaurant
Kardinal-Nagl-Platz U,Erdberger Braustuben,50,Café
Kardinal-Nagl-Platz U,Geflügel & Imbiss,64,Fast Food Restaurant
Kardinal-Nagl-Platz U,Würstel Platz,84,BBQ Joint
Kardinal-Nagl-Platz U,Café Restaurant Zur Mama,126,Café
Kardinal-Nagl-Platz U,Café Tara,128,Café
Kardinal-Nagl-Platz U,Kardinal Imbiss,132,Fast Food Restaurant
Kardinal-Nagl-Platz U,La Donna,152,Middle Eastern Restaurant
Kardinal-Nagl-Platz U,Pizza,160,Pizzeria
Kardinal-Nagl-Platz U,Bäckerei Üçler,162,Bakery
Kardinal-Nagl-Platz U,Hazal,172,Falafel Restaurant
Schottenring U,India Gate,30,Indian Restaurant
Schottenring U,Ye Senxing Nudelhaus,83,Asian Restaurant
Schottenring U,Nudeln Wok Sushi,98,Asian Restaurant
Schottenring U,China-Restaurant Le Wei,112,Asian Restaurant
Schottenring U,MyKai,122,Asian Restaurant
Schottenring U,Pasta e Basta,123,Pizzeria
Schottenring U,Japan Wok,126,Asian Restaurant
Schottenring U,Makery World,127,Theme Restaurant
Schottenring U,Manzoni Burger & Steak,133,Steakhouse
Schottenring U,Café Pelikan,133,Café
Albertgasse,Delibluem,6,Vegan and Vegetarian Restaurant
Albertgasse,Swing Kitchen,11,Burger Joint
Albertgasse,Würstelstand,18,Hot Dog Joint
Albertgasse,Limoni's,22,Café
Albertgasse,Schenke - Kaffee&Kostnix-Laden,26,Café
Albertgasse,Cafe Hummel,36,Café
Albertgasse,Anker,40,Bakery
Albertgasse,Gradwohl,46,Bakery
Albertgasse,Villa Maria,48,Greek Restaurant
Albertgasse,Schlipf&co,49,Austrian Restaurant
Strozzigasse,Cafe Strozzi,22,Bistro
Strozzigasse,Wiener Würstelstand,27,Bratwurst Joint
Strozzigasse,Panini Grill,54,Fast Food Restaurant
Strozzigasse,Pizza Bussi Ciao!,132,Pizzeria
Strozzigasse,Nguyen's Pho House,134,Vietnamese Restaurant
Strozzigasse,Shebeen,136,Pub
Strozzigasse,Es gibt Reis,141,Asian Restaurant
Strozzigasse,Cafe Domino,152,Café
Strozzigasse,Bäckerei Felber,156,Bakery
Strozzigasse,Taberna De La Mancha,160,Tapas Restaurant
Sensengasse,Copyteria,169,Café
Sensengasse,Anni's Bröselei,177,Café
Sensengasse,Sägewerk,190,Austrian Restaurant
Sensengasse,Bausatz,201,Diner
Sensengasse,Vinzirast Mittendrin,207,Dining and Drinking
Sensengasse,Beethoven Stüberl,207,Dumpling Restaurant
Sensengasse,Sly & Arny,210,Dining and Drinking
Sensengasse,Caffe Milano Betriebs GmbH,211,Bistro
Sensengasse,Zum Grünen Eck,230,Restaurant
Sensengasse,Restaurant Kim,237,Korean Restaurant
Löwengasse,Cafe Zartl,99,Café
Löwengasse,Al Pacino,172,Pizzeria
Löwengasse,Wittelsbach Kebap,198,Doner Restaurant
Löwengasse,Al Zaytouna,208,Lebanese Restaurant
Löwengasse,Salzburger Biereck,224,Inn
Löwengasse,Gasthaus Hold,239,Inn
Löwengasse,Bier Eck,240,Gastropub
Löwengasse,Zobaeck,241,Dining and Drinking
Löwengasse,Village Cafe,263,Café
Löwengasse,Ströck beim Hundertwasserhaus,268,Bakery
Dänenstraße / BOKU,Firato Imbiss,22,Burger Joint
Dänenstraße / BOKU,Tüwis Hofladen,32,Café
Dänenstraße / BOKU,Felber,37,Bakery
Dänenstraße / BOKU,Modul Treff,86,Café
Dänenstraße / BOKU,Unı Imbıss Döner,128,Doner Restaurant
Dänenstraße / BOKU,Innenhofstandl,208,Diner
Dänenstraße / BOKU,Salettl Pavillon,343,Bar
Dänenstraße / BOKU,Meierei Diglas,389,Coffee Shop
Am Schöpfwerk U,Alaturka,53,Turkish Restaurant
Am Schöpfwerk U,Schnitzel Hetzendorf,72,Buffet
Am Schöpfwerk U,Wip-Treff,189,Dining and Drinking
Am Schöpfwerk U,Kebab - Pizza Maturka,219,Fast Food Restaurant
Am Schöpfwerk U,China-Restaurant Hui-Feng,344,Asian Restaurant
Am Schöpfwerk U,Naadu,390,Indian Restaurant
Am Schöpfwerk U,Landzeit Autobahn Restaurant,417,Cafeteria
Am Schöpfwerk U,Müllers Oase,471,Hot Dog Joint
Am Schöpfwerk U,Asia restaurant Wok Kabekwerk,486,Asian Restaurant
Am Schöpfwerk U,Pizzeria Pizzawerk,496,Pizzeria
Wassergasse,Krazy Kitchen,15,Thai Restaurant
Wassergasse,Noodle Point,43,Fast Food Restaurant
Wassergasse,Tauber Brötchen,51,Sandwich Spot
Wassergasse,Segafredo Ristretto Galleria,53,Café
Wassergasse,Tauber Cafe,53,Café
Wassergasse,Tea & Coffee Lounge,65,Café
Wassergasse,Kimchi To Go,66,Buffet
Wassergasse,Pizza Galleria,67,Pizzeria
Wassergasse,Tauber,69,Café
Wassergasse,Gasthaus Mörk,75,Austrian Restaurant
Petrusgasse,Satraj,22,Indian Restaurant
Petrusgasse,Anker Bäckerei,41,Bakery
Petrusgasse,Petrus Paulus Stuben,95,Dining and Drinking
Petrusgasse,Cafe - Lounge Vom Feinsten,100,Breakfast Spot
Petrusgasse,La Lucia Wok & Grill,105,Dining and Drinking
Petrusgasse,Asia Restaurant Lou,127,Asian Restaurant
Petrusgasse,Schmankerlkeller,131,Gastropub
Petrusgasse,Symposium,133,Greek Restaurant
Petrusgasse,Kebap Alanya,137,Dining and Drinking
Petrusgasse,Kulturgasthaus Petrus und Paulus Stuben,147,Gastropub
Kärntner Ring,CHiLAi Ringstrassengalerie,13,Dining and Drinking
Kärntner Ring,At Eight,21,Restaurant
Kärntner Ring,Schanigarten,23,Café
Kärntner Ring,Moet chandon champagne bar wien,26,Gastropub
Kärntner Ring,Vienna Classic,33,Music Venue
Kärntner Ring,Asayake,36,Restaurant
Kärntner Ring,Unkai 雲海,49,Japanese Restaurant
Kärntner Ring,Restaurant Grand Cafe,62,Austrian Restaurant
Kärntner Ring,Le Ciel,64,French Restaurant
Kärntner Ring,Bodega El Gusto,67,Tapas Restaurant
Stefan-Fadinger-Platz,Grillen,266,Turkish Restaurant
Stefan-Fadinger-Platz,Places Café Bar Lounge,372,Café
Stefan-Fadinger-Platz,Pizzeria Ristorante Don Pablo,384,Italian Restaurant
Stefan-Fadinger-Platz,Bauernladen Knöllgasse,405,Diner
Stefan-Fadinger-Platz,Cafe Palme,411,Café
Stefan-Fadinger-Platz,Kenny's Wienerberg,434,Caribbean Restaurant
Stefan-Fadinger-Platz,Vapiano,495,Italian Restaurant
Auf der Schmelz,San Restaurant,388,Italian Restaurant
Auf der Schmelz,Felber,401,Bakery
Auf der Schmelz,La Sicilia,451,Pizzeria
Auf der Schmelz,Damas Restaurant,495,Hookah Bar
Auf der Schmelz,China-Restaurant Sunny,507,Chinese Restaurant
Auf der Schmelz,Das Cafe,3342,Café
Ober St. Veit U,Pizzeria San Giovanni,71,Italian Restaurant
Ober St. Veit U,McDonald's,72,Burger Joint
Ober St. Veit U,Restaurant Leiner,106,Dining and Drinking
Ober St. Veit U,McCafé,112,Café
Ober St. Veit U,McDonald's,114,Burger Joint
Ober St. Veit U,Cookntalk,257,Dining and Drinking
Ober St. Veit U,Bäckerei Schwarz,339,Bakery
Ober St. Veit U,Ristorante da Salvatore,359,Italian Restaurant
Ober St. Veit U,Wild Bean Café,389,Falafel Restaurant
Ober St. Veit U,Felber bei Obi,474,Bakery
Grimmgasse,Pizzaria Riva Italia,46,Pizzeria
Grimmgasse,Nurcan's Cafe O2,48,Café
Grimmgasse,Gasthaus zum Krügerl,50,Austrian Restaurant
Grimmgasse,Pizzeria Ancora,136,Pizzeria
Grimmgasse,Schnitzelhauser Straße,163,Fast Food Restaurant
Grimmgasse,Arizona XL Burger,215,Buffet
Grimmgasse,Hollerei,244,Vegan and Vegetarian Restaurant
Grimmgasse,Bakijeva Rezidencija,272,Buffet
Grimmgasse,Bäckerei Konditorei Europa,278,Bakery
Grimmgasse,Pizzeria Mafiosi,288,Pizzeria
Parhamerplatz,Gasthaus Zum Seiser,48,Dining and Drinking
Parhamerplatz,Alexandro Pizzeria,54,Pizzeria
Parhamerplatz,Kolar Psy,88,Gastropub
Parhamerplatz,Hübler Kaffee Konditorei GmbH,149,Café
Parhamerplatz,Restaurant Grill King,222,Eastern European Restaurant
Parhamerplatz,Laby,267,Café
Parhamerplatz,Bäckerei Geblergasse,268,Bakery
Parhamerplatz,Pause Haus,271,Burger Joint
Parhamerplatz,Bäckerei Martini,276,Bakery
Parhamerplatz,Snack & More,283,Kebab Restaurant
Friedensbrücke U4,Würstl Kebap Deluxe,52,Doner Restaurant
Friedensbrücke U4,Ströck Friedensbrücke,66,Bakery
Friedensbrücke U4,Cafe Anglmayer,98,Café
Friedensbrücke U4,MOC Vietnamese Eatery,104,Vietnamese Restaurant
Friedensbrücke U4,Mili Asia Food,105,Asian Restaurant
Friedensbrücke U4,Europizza,112,Falafel Restaurant
Friedensbrücke U4,Pita Pita Orientalischer Imbiss,116,Pizzeria
Friedensbrücke U4,Chinese,127,Chinese Restaurant
Friedensbrücke U4,Shisoya,132,Asian Restaurant
Friedensbrücke U4,The Golden Harp,138,Pub
Obere Augartenstraße,S & F Schnitzel & Fischhaus,168,Fast Food Restaurant
Obere Augartenstraße,Décor Im Augarten,235,Dining and Drinking
Obere Augartenstraße,Cafe Restaurant Augarten,242,Dining and Drinking
Obere Augartenstraße,Frühstück im Meininger,243,Breakfast Spot
Obere Augartenstraße,Ignaz Jahn,251,Dining and Drinking
Obere Augartenstraße,Arcadia am Augarten,255,Italian Restaurant
Obere Augartenstraße,Amol Da - Pizzeria,284,Pizzeria
Obere Augartenstraße,Cafe Okay,310,Café
Obere Augartenstraße,Cafe As,312,Café
Obere Augartenstraße,K's Movie And Food Stop Extended Living Room,322,Eastern European Restaurant
Dornerplatz,Principe,58,Pizzeria
Dornerplatz,Schrammelbeisel,92,Dining and Drinking
Dornerplatz,Schrammelbeisl,100,"Cafe, Coffee, and Tea House"
Dornerplatz,Sommer Stage,147,German Restaurant
Dornerplatz,Pizzeria Casa Frascati,167,Pizzeria
Dornerplatz,Cafe Stern,176,Café
Dornerplatz,Casa Papa,196,Pizzeria
Dornerplatz,Cafe Dolce Latte,202,Café
Dornerplatz,Pizzeria Picco Bella,207,Pizzeria
Dornerplatz,Backstüberl Back- und Konditoreiwaren GmbH,228,Bakery
Michelbeuern-AKH U,Unico - Akh,91,Diner
Michelbeuern-AKH U,Eck meck,113,Fast Food Restaurant
Michelbeuern-AKH U,Taste Of India,124,Indian Restaurant
Michelbeuern-AKH U,Restaurant Retsina,156,Greek Restaurant
Michelbeuern-AKH U,Hoskar,162,Syrian Restaurant
Michelbeuern-AKH U,La Passione,174,Italian Restaurant
Michelbeuern-AKH U,Coffeeshop AKH,192,Café
Michelbeuern-AKH U,Asiagarten,210,Asian Restaurant
Michelbeuern-AKH U,Ganesha Indisches Restaurant,218,Indian Restaurant
Michelbeuern-AKH U,Umico,232,Sandwich Spot
Johann-Nepomuk-Vogl-Platz,ERWIN Restaurant & Café,36,Kebab Restaurant
Johann-Nepomuk-Vogl-Platz,La Cocotte Italian Bistro,59,Restaurant
Johann-Nepomuk-Vogl-Platz,Fleisch Max,86,Dining and Drinking
Johann-Nepomuk-Vogl-Platz,Bio Kitchen 1180,97,Indian Restaurant
Johann-Nepomuk-Vogl-Platz,Gasthaus Währing,136,Dining and Drinking
Johann-Nepomuk-Vogl-Platz,Cafe Carambol,141,Café
Johann-Nepomuk-Vogl-Platz,Restaurant Luciano,170,Pizzeria
Johann-Nepomuk-Vogl-Platz,Nuss,196,Austrian Restaurant
Johann-Nepomuk-Vogl-Platz,Café Sebastiani,219,Café
Johann-Nepomuk-Vogl-Platz,Mach Ma Curry,226,Indian Restaurant
Schmelzbrücke,Cafe Meydan,110,Café
Schmelzbrücke,All Reis Bangkok Street Food,152,Thai Restaurant
Schmelzbrücke,Schnitzelhaus RestaurationsgmbH,161,Fast Food Restaurant
Schmelzbrücke,Oliang BKK Café Bar,167,Café
Schmelzbrücke,Herberer,206,Bakery
Schmelzbrücke,Küche,211,Mediterranean Restaurant
Schmelzbrücke,Fladerei Wien Goldschlagstraße,244,Gastropub
Schmelzbrücke,U3 Kebap Pizza Stand,251,Snack Place
Schmelzbrücke,Take Kent Away,263,Kebab Restaurant
Schmelzbrücke,Cafe Lorenz,264,Bistro
Ottakring S U,Lucky Noodles,16,Asian Restaurant
Ottakring S U,Anker,18,Bakery
Ottakring S U,Würstelstand,58,Hot Dog Joint
Ottakring S U,Bäckerei Felber,59,Bakery
Ottakring S U,Dönerstand,69,Doner Restaurant
Ottakring S U,Vier Sinne · Dinner in the Dark,75,Diner
Ottakring S U,Hühnerparadies,82,Fast Food Restaurant
Ottakring S U,Vier Sinne,106,Cocktail Bar
Ottakring S U,Cafe Raiman,140,Café
Ottakring S U,Restaurant Retsina,142,Café
Krieau U,Felber,42,Bakery
Krieau U,OMV Viva Lounge,51,Café
Krieau U,Bobby Cafe-Espresso,57,Café
Krieau U,Grü Bistro Lounge,142,Bistro
Krieau U,OMV Restaurant,145,Dining and Drinking
Krieau U,Cafe Little Britain,151,Café
Krieau U,City Lake,174,Asian Restaurant
Krieau U,Grü,206,Diner
Krieau U,Krieaubeisl,211,Dining and Drinking
Krieau U,MESSE Wien - Cafe Modern Times,252,Café
Nestroyplatz U,Praterwirt,22,Austrian Restaurant
Nestroyplatz U,Cafe Melange,47,Café
Nestroyplatz U,DerMann,51,Bakery
Nestroyplatz U,Bäckerei Tullnerfelder,72,Bakery
Nestroyplatz U,Cafe 3/4 Takt,75,Café
Nestroyplatz U,Fiorino,81,Italian Restaurant
Nestroyplatz U,Osteria Stradina,97,Pizzeria
Nestroyplatz U,La Moustache Boutique & Café,106,Café
Nestroyplatz U,Fischerie,110,Seafood Restaurant
Nestroyplatz U,Cafe Larissa,115,Bar
Westbahnstraße / Schottenfeldgasse,I Terroni,14,Pizzeria
Westbahnstraße / Schottenfeldgasse,Tiffin,23,Bangladeshi Restaurant
Westbahnstraße / Schottenfeldgasse,Das Vivet,45,Breakfast Spot
Westbahnstraße / Schottenfeldgasse,Restaurant Arnes,76,Greek Restaurant
Westbahnstraße / Schottenfeldgasse,Der Fuchs Und Die Trauben,103,Bar
Westbahnstraße / Schottenfeldgasse,Betonküche,105,Dining and Drinking
Westbahnstraße / Schottenfeldgasse,Schreiners Gastwirtschaft,111,Gastropub
Westbahnstraße / Schottenfeldgasse,Berliner Restaurant Grillspezialitäten,118,Kebab Restaurant
Westbahnstraße / Schottenfeldgasse,Café-Restaurant Kandl,120,Café
Westbahnstraße / Schottenfeldgasse,Zur Stadt Krems,124,Gastropub
Vorgartenstraße U,A1 Stockwerkswagerl LAS,61,Food Truck
Vorgartenstraße U,Cafe Am Park,63,Café
Vorgartenstraße U,A1 Kantine LAS,79,Dining and Drinking
Vorgartenstraße U,Pepe Nero,94,Pizzeria
Vorgartenstraße U,TAG Cafe,97,Café
Vorgartenstraße U,Yasin imbiss & supermarkt,107,Snack Place
Vorgartenstraße U,SAP Kantine,131,Cafeteria
Vorgartenstraße U,Zum Mährischen Spatzen,148,Austrian Restaurant
Vorgartenstraße U,Wrapstars,163,Food Truck
Vorgartenstraße U,La Cantine,174,Café
Messe-Prater U2,McDonald's,7,Burger Joint
Messe-Prater U2,Le Cedre - Libanesisches Spezialitäten,76,Dining and Drinking
Messe-Prater U2,World King,82,Falafel Restaurant
Messe-Prater U2,Felber,94,Café
Messe-Prater U2,12 Karma Food,149,Restaurant
Messe-Prater U2,Finn,176,Dining and Drinking
Messe-Prater U2,Zur Grünen Hütte,179,Dining and Drinking
Messe-Prater U2,Bierbeisl,181,Gastropub
Messe-Prater U2,Breakfast-time!,181,Breakfast Spot
Messe-Prater U2,Santo,188,Cocktail Bar
Hernals S,Deniz Kebap,15,Fast Food Restaurant
Hernals S,Ströck Hernals,18,Bakery
Hernals S,Apollon,69,Greek Restaurant
Hernals S,Liebstöckl Wirtshaus - Richard Peterseil,159,Beer Bar
Hernals S,Liebstöckl,165,Dining and Drinking
Hernals S,K.u.K. Hofzuckerbäcker L. Heiner,205,Bakery
Hernals S,Mein neuübernommener Chineserer,246,Chinese Restaurant
Hernals S,BODULO - Fischrestaurant,268,Seafood Restaurant
Hernals S,Koinonia,315,Korean Restaurant
Hernals S,Wiener Schnitzel Plaza,326,Fast Food Restaurant
Hartmanngasse ,Wald/4 ler Stub'n,29,Dining and Drinking
Hartmanngasse ,Kaffihús,49,Café
Hartmanngasse ,Palais de la pomme de terre,50,Vegan and Vegetarian Restaurant
Hartmanngasse ,DON SERGIO GmbH,58,Italian Restaurant
Hartmanngasse ,Abbazia Restaurant,72,Mediterranean Restaurant
Hartmanngasse ,Kebap A La Carte,102,Fast Food Restaurant
Hartmanngasse ,Schnipi,150,Pizzeria
Hartmanngasse ,Pizzeria Tanti Saluti,152,Pizzeria
Hartmanngasse ,Asian Pockets,158,Asian Restaurant
Hartmanngasse ,Ukiyo,170,Japanese Restaurant
Yppengasse,Köfteci,40,Turkish Restaurant
Yppengasse,Kroki Grill,46,BBQ Joint
Yppengasse,Cafe Monaco,66,Bar
Yppengasse,Restaurant Saloon,79,Brewery
Yppengasse,Marktkaffee - Müller,79,Dining and Drinking
Yppengasse,Ta Querida,81,Burrito Restaurant
Yppengasse,Cafe An Do,89,Buffet
Yppengasse,Cafe Frida,92,"Cafe, Coffee, and Tea House"
Yppengasse,Gasthaus Müller,96,Austrian Restaurant
Yppengasse,Dellago,100,Italian Restaurant
Gumpendorfer Gürtel,Donau Delta,13,Dining and Drinking
Gumpendorfer Gürtel,Restaurant Donaudelta,47,Eastern European Restaurant
Gumpendorfer Gürtel,Bäckerei Geier,74,Bakery
Gumpendorfer Gürtel,Sadabad Nargile,94,Café
Gumpendorfer Gürtel,168 Noodle House,117,Asian Restaurant
Gumpendorfer Gürtel,Würstelstand U6-Station Gumpendorferstraße,126,BBQ Joint
Gumpendorfer Gürtel,Pizzeria Ristorante da Angelo,142,Pizzeria
Gumpendorfer Gürtel,Duru Kebap 2,148,Buffet
Gumpendorfer Gürtel,Dilek Kebap Pizza,153,Buffet
Gumpendorfer Gürtel,Burger King,168,Burger Joint
Urban-Loritz-Platz,Chef’s,21,Doner Restaurant
Urban-Loritz-Platz,Speisekammer,29,Hot Dog Joint
Urban-Loritz-Platz,Loving Hut,30,Brewery
Urban-Loritz-Platz,Dönermeister,30,Doner Restaurant
Urban-Loritz-Platz,Shao & Liu,41,Sushi Restaurant
Urban-Loritz-Platz,Pizza Cardinale,46,Pizzeria
Urban-Loritz-Platz,"Backshop 24 Bäckerei, Konditorei- und Gastronomiebetriebs",51,Bakery
Urban-Loritz-Platz,Cafe Mokador,86,Café
Urban-Loritz-Platz,Trixie Kiddo’s New Smoked BBQ,86,BBQ Joint
Urban-Loritz-Platz,Mikes 1150,89,Bar
Burggasse-Stadthalle U,AIDA Lugner City,31,Bakery
Burggasse-Stadthalle U,Kai's Asian Food,46,Asian Restaurant
Burggasse-Stadthalle U,NACHO LIBRE GmbH,49,Mexican Restaurant
Burggasse-Stadthalle U,Aida Cafe-Konditorei,49,Café
Burggasse-Stadthalle U,Keboss Kebab & Burger,54,Doner Restaurant
Burggasse-Stadthalle U,Pascucci,65,Arts and Entertainment
Burggasse-Stadthalle U,Sweet Corner,67,Creperie
Burggasse-Stadthalle U,Burger King,68,Burger Joint
Burggasse-Stadthalle U,Rone's Kebap Kumpir Salat Bar,70,Doner Restaurant
Burggasse-Stadthalle U,Don Camillo,71,Pizzeria
Westbahnhof S U / Gerstnerstraße,Cafe Joker's,11,Café
Westbahnhof S U / Gerstnerstraße,Mega Pizza Kebap,53,Doner Restaurant
Westbahnhof S U / Gerstnerstraße,Die Bäckerei,70,Bakery
Westbahnhof S U / Gerstnerstraße,Yummy Cooking,76,Asian Restaurant
Westbahnhof S U / Gerstnerstraße,Merak - Traditional Characoal Barbecue,78,Eastern European Restaurant
Westbahnhof S U / Gerstnerstraße,Café Europaplatz,120,Café
Westbahnhof S U / Gerstnerstraße,Vapiano,131,Italian Restaurant
Westbahnhof S U / Gerstnerstraße,Bäckerei Heberer,131,Bakery
Westbahnhof S U / Gerstnerstraße,Pitawerk,139,Restaurant
Westbahnhof S U / Gerstnerstraße,Brezelkönig Westbahnhof,145,Bakery
Rosensteingasse,Lara Bäckerei,21,Bakery
Rosensteingasse,Hühnerparadies,39,Buffet
Rosensteingasse,Snatch,41,American Restaurant
Rosensteingasse,Kulturcafe Max,53,Café
Rosensteingasse,Adam's Kebab,89,Pizzeria
Rosensteingasse,Bäckerei Martini,136,Bakery
Rosensteingasse,Pizzeria La Kuilla di Mare,144,Pizzeria
Rosensteingasse,Marienbeisl,166,Austrian Restaurant
Rosensteingasse,Cafe Watt,169,Café
Rosensteingasse,Pizzeria Da Annalisa,188,Pizzeria
Hanusch Krankenhaus,Pizzeria Don Corleone,168,Pizzeria
Hanusch Krankenhaus,Feine Sichuan Küche,173,Szechuan Restaurant
Hanusch Krankenhaus,Speisesaal Hanusch KH,174,Dining and Drinking
Hanusch Krankenhaus,Wiesbauer Buffet Im Hanusch-Krankenhaus,179,Snack Place
Hanusch Krankenhaus,Anker,193,Bakery
Hanusch Krankenhaus,AKAZ Japanisches Restaurant und Sushibar,254,Japanese Restaurant
Hanusch Krankenhaus,Fisch & Co - Wilhelm Vranovsky,266,Fish Market
Hanusch Krankenhaus,Anker,280,Bakery
Hanusch Krankenhaus,Pizzahouse,299,Pizzeria
Hanusch Krankenhaus,Schutzhaus am Ameisbach,300,BBQ Joint
Wieningerplatz,Schnitzl Imbiss,212,Snack Place
Wieningerplatz,Pizzeria Donna Diana,218,Pizzeria
Wieningerplatz,Daily Imbiss,249,Buffet
Wieningerplatz,Bacówka,278,Eastern European Restaurant
Wieningerplatz,Kebap Craft,303,Kebab Restaurant
Wieningerplatz,Viet Soup Restaurant,312,Restaurant
Wieningerplatz,Daily Spice,313,Indian Restaurant
Wieningerplatz,Öz Bäckerei,322,Bakery
Wieningerplatz,Cafe Jessy,356,Café
Wieningerplatz,M77,366,Dining and Drinking
Kundratstraße,Restaurant Mango,47,Asian Restaurant
Kundratstraße,Spitz-Kitzlersche Futterstelle,107,Wings Joint
Kundratstraße,Mis Kebap,143,Kebab Restaurant
Kundratstraße,Drachen-Phönix,172,Asian Restaurant
Kundratstraße,Felber,179,Bakery
Kundratstraße,Ristorante Trio,182,Italian Restaurant
Kundratstraße,Trabzon Bäckerei,187,Bakery
Kundratstraße,Duran Kebap,267,Fast Food Restaurant
Kundratstraße,Andrea,298,Bar
Kundratstraße,Pizzeria Di Carni,298,Pizzeria
Reumannplatz U,Simit Sokağı,63,Fast Food Restaurant
Reumannplatz U,Weinschenke Wostry,74,Gastropub
Reumannplatz U,Antika - Mazedonisches Restaurant,85,Dining and Drinking
Reumannplatz U,Cafe Abi,115,Café
Reumannplatz U,Ströck Reumannplatz,139,Bakery
Reumannplatz U,Schnitzel Fan,143,Buffet
Reumannplatz U,Reumannplatz,145,Asian Restaurant
Reumannplatz U,Mangal,173,Turkish Restaurant
Reumannplatz U,Akol Imbiss Kebap,187,Middle Eastern Restaurant
Reumannplatz U,Zum Alten Beisl,189,Dining and Drinking
Plunkergasse,Jasmina,43,Italian Restaurant
Plunkergasse,Brandauers Bieriger,49,Bar
Plunkergasse,Mahlzeit,59,Dining and Drinking
Plunkergasse,Al Forno,106,Pizzeria
Plunkergasse,Kod Seljaka.,129,Bar
Plunkergasse,Casa Miorita,129,Romanian Restaurant
Plunkergasse,Schweglerstadl Würstlstand,167,BBQ Joint
Plunkergasse,Schwegler Wurst Stadl,178,Hot Dog Joint
Plunkergasse,Wok Imbiss,186,Dining and Drinking
Plunkergasse,Toki,189,Asian Restaurant
Kagran U1,Noodles - Ken's Shop,29,Chinese Restaurant
Kagran U1,Leberkas- Pepi,79,Buffet
Kagran U1,Freiraum Coffeeshop,90,Café
Kagran U1,Döner Zentrum,94,Diner
Kagran U1,Tasty Donuts,112,Donut Shop
Kagran U1,Giovanni Restaurant,151,Italian Restaurant
Kagran U1,D'Lounge,157,Bar
Kagran U1,Akakiko Dx,158,Asian Restaurant
Kagran U1,Kyoto Japanisch,164,Japanese Restaurant
Kagran U1,Pani Bär,164,Asian Restaurant
Brestelgasse,Josef Gruber,70,Hotel
Brestelgasse,Laby,82,Café
Brestelgasse,Balkanika Grill,96,Eastern European Restaurant
Brestelgasse,Pause Haus,120,Burger Joint
Brestelgasse,Jo! Sushi & Co,133,Asian Restaurant
Brestelgasse,Blunzenstricker,185,Dining and Drinking
Brestelgasse,Cafe 3Nice,243,Café
Brestelgasse,Bäckerei Geblergasse,262,Bakery
Brestelgasse,Top Grill,274,Dining and Drinking
Brestelgasse,Restaurant Saloon,291,Brewery
Karmeliterplatz,Harvest,20,Vegan and Vegetarian Restaurant
Karmeliterplatz,Zum Karmeliter,25,Dining and Drinking
Karmeliterplatz,Tachles - das Kulturcafe,27,Café
Karmeliterplatz,Koscher Bäkerei,69,Bakery
Karmeliterplatz,Katscheli,89,Café
Karmeliterplatz,Espresso Sunnyboy,92,Café
Karmeliterplatz,Kebap König,108,Doner Restaurant
Karmeliterplatz,Bahur Tov,114,Kosher Restaurant
Karmeliterplatz,Mea Shearim Kosher Restaurant,134,Kosher Restaurant
Karmeliterplatz,By Lore - Cake Design,141,Candy Store
Selzergasse,Restaurant Augustin,16,Gastropub
Selzergasse,Konditorei Angelmayer,58,Café
Selzergasse,Bäckerei Rieppel,75,Bakery
Selzergasse,Cafe Z,81,Café
Selzergasse,M77,121,Dining and Drinking
Selzergasse,Lucky Noodles,144,Thai Restaurant
Selzergasse,Gasthaus Heidinger,161,Austrian Restaurant
Selzergasse,Pizzeria Ramazotti,180,Pizzeria
Selzergasse,Lucky Noodles,195,Asian Restaurant
Selzergasse,Cafe Das März,210,Café
Nussdorfer Straße U,Queen Noodle,11,Asian Restaurant
Nussdorfer Straße U,Hoppala Noodles,41,Food Court
Nussdorfer Straße U,Al Imbiss Döner Würstel,43,Falafel Restaurant
Nussdorfer Straße U,"Anker, Bäckerei",57,Bakery
Nussdorfer Straße U,Bio Pizzeria Vero,58,Pizzeria
Nussdorfer Straße U,Asia Corner,70,Asian Restaurant
Nussdorfer Straße U,Cafe Monarch,76,Café
Nussdorfer Straße U,Pride of India,76,Deli
Nussdorfer Straße U,Würstelstand Leo,81,BBQ Joint
Nussdorfer Straße U,Nane,82,Austrian Restaurant
Palffygasse,Dr. Schnitzel,63,Snack Place
Palffygasse,Titoni,64,Sushi Restaurant
Palffygasse,Vox Libri,82,Café
Palffygasse,Restaurant Jossy,110,Asian Restaurant
Palffygasse,Pizzeria Ristorante Ponte Rialto,112,Pizzeria
Palffygasse,Cafe Alba,132,Café
Palffygasse,The Green Room,184,Pub
Palffygasse,Gasthaus Pezzl,185,Austrian Restaurant
Palffygasse,Café Metropol,206,Café
Palffygasse,Bäckerei Oreks,243,Bakery
Josefstädter Straße U,Servus am Platz'l,68,Dining and Drinking
Josefstädter Straße U,Dr. Pizza,75,Pizzeria
Josefstädter Straße U,Kebab Hot-Dog Josefstädter Straße,86,BBQ Joint
Josefstädter Straße U,Trabzon Holzofenbäckerei,88,Bakery
Josefstädter Straße U,Bäckerei GÜL,88,Bakery
Josefstädter Straße U,Trabzon Firini,92,Bakery
Josefstädter Straße U,Spezialimbiss,100,Snack Place
Josefstädter Straße U,Kirchenwirt,104,German Restaurant
Josefstädter Straße U,Maya Orientalisches Restaurant,107,BBQ Joint
Josefstädter Straße U,Mangalet Kebab,118,Kebab Restaurant
Gersthof S,Anker,47,Bakery
Gersthof S,Pizza Mann,60,Pizzeria
Gersthof S,Peppino's Eis-Cafe,68,Café
Gersthof S,Casa del Caffe,69,Café
Gersthof S,Aida Café-Konditorei,77,Café
Gersthof S,Szihn,91,Bakery
Gersthof S,Tchibo GmbH,109,Café
Gersthof S,Gourmet Restaurants Freyenstein,143,Dining and Drinking
Gersthof S,Ströck,156,Bakery
Gersthof S,Zum Gemütlichen Weinhauser,172,Beer Bar
Fröbelgasse,Etno Restaurant Konak,14,Eastern European Restaurant
Fröbelgasse,Restaurant Panorama,127,Dining and Drinking
Fröbelgasse,Pekarica,160,Bakery
Fröbelgasse,Mevla Bäckerei & Konditorei,163,Bakery
Fröbelgasse,China-Restaurant Asia Ost,170,Thai Restaurant
Fröbelgasse,阿舅の店,180,Dining and Drinking
Fröbelgasse,XXL Balkan Grill,186,Dining and Drinking
Fröbelgasse,Pizzeria Candela,186,Pizzeria
Fröbelgasse,Vip cafe shisha lounge,204,Café
Fröbelgasse,Fenerium,205,Café
Markgraf-Rüdiger Straße,Franzundjulius,33,Café
Markgraf-Rüdiger Straße,Café Kriemhild,40,Café
Markgraf-Rüdiger Straße,Restaurant Mader,100,Dining and Drinking
Markgraf-Rüdiger Straße,Etsan Supermarkt,115,Grocery Store
Markgraf-Rüdiger Straße,Pizzeria Candela,196,Pizzeria
Markgraf-Rüdiger Straße,China-Restaurant Asia Ost,226,Thai Restaurant
Markgraf-Rüdiger Straße,Cafe Scorpion,234,Café
Markgraf-Rüdiger Straße,Espresso Märzpark,235,Bistro
Markgraf-Rüdiger Straße,阿舅の店,243,Dining and Drinking
Markgraf-Rüdiger Straße,Stadthallenbräu,245,Austrian Restaurant
Liesing S,Ferdinand Szihn,99,Bakery
Liesing S,McDonald's,130,Burger Joint
Liesing S,Cafe Konditorei Hirsch,245,Café
Liesing S,MANN Bäckerei & Cafe,313,Bakery
Liesing S,Szihn,344,Bakery
Liesing S,Stastino,496,Modern European Restaurant
Liesing S,DerMann,9676,Bakery
Kettenbrückengasse U ,Apadana Restaurant,13,Middle Eastern Restaurant
Kettenbrückengasse U ,Chinabar an der,19,Bar
Kettenbrückengasse U ,Karma Ramen,26,Ramen Restaurant
Kettenbrückengasse U ,Aming Dim Sum Profi,31,Asian Restaurant
Kettenbrückengasse U ,Cafe Wild,76,Dining and Drinking
Kettenbrückengasse U ,Batello - Trattoria Cafe Pizzeria,112,Pizzeria
Kettenbrückengasse U ,Ristorante Villaggio,131,Italian Restaurant
Kettenbrückengasse U ,Weinschänke,134,Austrian Restaurant
Kettenbrückengasse U ,Schmähbar,140,Dining and Drinking
Kettenbrückengasse U ,China-Restaurant Kowloon,141,Chinese Restaurant
Elterleinplatz,Aida Café-Konditorei,33,Café
Elterleinplatz,Caffetteria Hernals,34,Breakfast Spot
Elterleinplatz,Caffeteria Illy,39,Cafeteria
Elterleinplatz,Segafredo,46,Bar
Elterleinplatz,Rindo,49,Snack Place
Elterleinplatz,HERNALS. Kebap Pizza,58,Dining and Drinking
Elterleinplatz,Grey Kaffee,58,Café
Elterleinplatz,Amiel,60,Breakfast Spot
Elterleinplatz,Zum Lercherl von Hernals,70,Austrian Restaurant
Elterleinplatz,Felber,78,Bakery
Siebensternplatz,I Carusi,56,Pizzeria
Siebensternplatz,Weinschenke am Siebensternplatz,66,Burger Joint
Siebensternplatz,GRAGGER & Cie Holzofenbäckerei GmbH,80,Bakery
Siebensternplatz,Kulinarium 7,83,Diner
Siebensternplatz,P'Am,85,Café
Siebensternplatz,Lobo y Luna,107,Tapas Restaurant
Siebensternplatz,Le Troquet,126,Bar
Siebensternplatz,Govinda,126,Indian Restaurant
Siebensternplatz,Figar,131,Bar
Siebensternplatz,Orientalisches Restaurant Epos,134,Greek Restaurant
Rosensteingasse / Blumengasse,Rosenstein - trinken - grillen - essen,7,Gastropub
Rosensteingasse / Blumengasse,Postsport-Sauna-Stüberl,17,Gastropub
Rosensteingasse / Blumengasse,Pizzeria La-Ventura,184,Pizzeria
Rosensteingasse / Blumengasse,Die 4 - Österreichische Küche & mehr,184,Dining and Drinking
Rosensteingasse / Blumengasse,Caffe Allegro,229,Italian Restaurant
Rosensteingasse / Blumengasse,Pizzeria La Kuilla di Mare,245,Pizzeria
Rosensteingasse / Blumengasse,Ramsa-Wolf Senfspezialitäten,273,BBQ Joint
Rosensteingasse / Blumengasse,Pizzeria Da Annalisa,284,Pizzeria
Rosensteingasse / Blumengasse,Amore Mio,375,Pizzeria
Rosensteingasse / Blumengasse,Romuliana,398,Buffet
Thaliastraße U,Würstelstand,53,Bratwurst Joint
Thaliastraße U,Heisse am Gürtel,68,BBQ Joint
Thaliastraße U,Cafe Derwisch,81,Hookah Bar
Thaliastraße U,French,81,Dining and Drinking
Thaliastraße U,Bäckerei Ücler,82,Bakery
Thaliastraße U,Cafe Kaisergarten,85,Bistro
Thaliastraße U,Nour Kebap,91,Fast Food Restaurant
Thaliastraße U,Mokador Lerchenfelderstraße,112,Café
Thaliastraße U,Flatschers,128,Burger Joint
Thaliastraße U,Restaurant Chopsticks,129,Asian Restaurant
Dresdner Straße U,Xtanbul,55,Turkish Restaurant
Dresdner Straße U,Ridvan Kebaphaus,102,Turkish Restaurant
Dresdner Straße U,Rokomari Foods Kebap & Schnitzelhaus,105,Indian Restaurant
Dresdner Straße U,Rossi's,140,German Restaurant
Dresdner Straße U,Restaurant mampf,153,Kebab Restaurant
Dresdner Straße U,Ra'Mien Go,179,Creperie
Dresdner Straße U,Schnitzel Express,189,Dining and Drinking
Dresdner Straße U,Cafe Restaurant Dresdnerstrasse,201,Dining and Drinking
Dresdner Straße U,Tchibo GmbH,235,Café
Dresdner Straße U,Semmel Kaiser,248,Bakery
Reinprechtsdorfer Brücke,Restaurant Colombo Hoppers,29,Indian Restaurant
Reinprechtsdorfer Brücke,Cafe Carl,46,Café
Reinprechtsdorfer Brücke,ЖАР,55,BBQ Joint
Reinprechtsdorfer Brücke,ipek Fastfood,72,Kebab Restaurant
Reinprechtsdorfer Brücke,Vietnam Bistro,73,Vietnamese Restaurant
Reinprechtsdorfer Brücke,Ristorante Gondola,91,Deli
Reinprechtsdorfer Brücke,Panino E Vino,93,Café
Reinprechtsdorfer Brücke,Ströck,98,Bakery
Reinprechtsdorfer Brücke,Pizza Da Capo,117,Pizzeria
Reinprechtsdorfer Brücke,Xu's Cooking,131,Sushi Restaurant
Westbahnhof S U / Felberstraße,Mfifteen,28,Dining and Drinking
Westbahnhof S U / Felberstraße,Ristorante Mittelmeer,31,Italian Restaurant
Westbahnhof S U / Felberstraße,China-Restaurant zum Westbahnhof,33,Chinese Restaurant
Westbahnhof S U / Felberstraße,Pulkautaler Wein- und Bierhaus,65,Bar
Westbahnhof S U / Felberstraße,Restorant Westbahn Hotel,65,Dining and Drinking
Westbahnhof S U / Felberstraße,Sofram Kebap,97,Pizzeria
Westbahnhof S U / Felberstraße,Željo Grill Burek,102,Dining and Drinking
Westbahnhof S U / Felberstraße,Ströck,112,Bakery
Westbahnhof S U / Felberstraße,Merkur Marktküche,112,Dining and Drinking
Westbahnhof S U / Felberstraße,Anker,117,Bakery
Neubaugasse U,Chez Bernard,35,French Restaurant
Neubaugasse U,Pierogi Bitte,54,Polish Restaurant
Neubaugasse U,Cafe Ritter,59,Bistro
Neubaugasse U,Anker,68,Bakery
Neubaugasse U,Soya Noodles,70,Asian Restaurant
Neubaugasse U,Restaurant Noir,77,Dining and Drinking
Neubaugasse U,Xtra-Wurst,77,BBQ Joint
Neubaugasse U,Stehcafe u Teekontor,82,Café
Neubaugasse U,Kebap Imbiss,82,Falafel Restaurant
Neubaugasse U,Bros. Pizza,84,Pizzeria
Jägerstraße U,Bäckquem,65,Bakery
Jägerstraße U,Bäckquem,66,Bakery
Jägerstraße U,Zum Tramway-Wirt,191,Gastropub
Jägerstraße U,Dilber,213,Falafel Restaurant
Jägerstraße U,Emma’s Bäckerei,241,Bakery
Jägerstraße U,Cafe Konditorei Monika,249,Café
Jägerstraße U,Noodle Jägerstrasse,265,Asian Restaurant
Jägerstraße U,Fu Du,289,Chinese Restaurant
Jägerstraße U,Hasibutz,290,Café
Jägerstraße U,Atlas Imbiss,298,Turkish Restaurant
Mayerhofgasse,Corto e Nero,13,Bar
Mayerhofgasse,Gragger,34,Bakery
Mayerhofgasse,Cafe Mi.Ro.,50,Café
Mayerhofgasse,Pilia's,66,Eastern European Restaurant
Mayerhofgasse,Entler,67,Dining and Drinking
Mayerhofgasse,Sebastiano,68,Italian Restaurant
Mayerhofgasse,Gasthaus Krippl,79,Dumpling Restaurant
Mayerhofgasse,Cafe Wortner,129,Cocktail Bar
Mayerhofgasse,Die Kochdame,131,Bistro
Mayerhofgasse,Sha Guo,153,Bar
Friedrich-Engels-Platz,Yedoy Kebap,38,Turkish Restaurant
Friedrich-Engels-Platz,Expedit Friedrich-Engels-platz,44,Cafeteria
Friedrich-Engels-Platz,Würstelstandl,50,Hot Dog Joint
Friedrich-Engels-Platz,Kurze Pause,66,BBQ Joint
Friedrich-Engels-Platz,Food Corner,80,Fast Food Restaurant
Friedrich-Engels-Platz,Jugendgästehaus Wien Restaurant,100,Austrian Restaurant
Friedrich-Engels-Platz,Isik Backerei,289,Bakery
Friedrich-Engels-Platz,China-Restaurant Heimat,293,Asian Restaurant
Friedrich-Engels-Platz,Wienerwald Marchfeldstrasse,296,Fried Chicken Joint
Friedrich-Engels-Platz,China-Restaurant Siegreich,297,Cantonese Restaurant
Traisengasse S,Anker,9,Bakery
Traisengasse S,Café Bistro Kantine,31,Dining and Drinking
Traisengasse S,Cafe Hansi,99,Café
Traisengasse S,Gcs,118,Café
Traisengasse S,Mortarabeisl,176,Dining and Drinking
Traisengasse S,Gasthaus Hausmannskost,210,Dining and Drinking
Traisengasse S,Schnitzel Express,280,Dining and Drinking
Traisengasse S,Cafe Restaurant Dresdnerstrasse,280,Dining and Drinking
Traisengasse S,Ra'Mien Go,297,Creperie
Traisengasse S,Rossi's,365,German Restaurant
Marschallplatz,Kirchenwirt,130,Dining and Drinking
Marschallplatz,Anker,403,Bakery
Marschallplatz,Hervicus Stub'n,411,Dining and Drinking
Marschallplatz,Gasthaus Haschka,423,Inn
Marschallplatz,Bierstöckl,443,Dining and Drinking
Marschallplatz,Cafe & Lounge Hetzendorf,470,Beer Bar
Marschallplatz,Hetzendorf Wokji - Asia Restaurant,472,Asian Restaurant
Marschallplatz,Tiziano,476,Italian Restaurant
Marschallplatz,Zum Obermüller,478,Dining and Drinking
Marschallplatz,DELIkado Design.Caffé.Vienna,496,Café
Hütteldorf  S U,Cafe Optimahl,17,Wine Bar
Hütteldorf  S U,Gasthaus Peschta,24,Austrian Restaurant
Hütteldorf  S U,Anker,58,Bakery
Hütteldorf  S U,Ströck,137,Bakery
Hütteldorf  S U,Das Hütteldorfer,161,Dining and Drinking
Hütteldorf  S U,Türkis,215,Turkish Restaurant
Hütteldorf  S U,Stag's Head,230,Bar
Hütteldorf  S U,Per Sempre,241,Café
Hütteldorf  S U,Rekordmeisterbar,267,Dining and Drinking
Hütteldorf  S U,VIP Nordtribühne,282,Dining and Drinking
Loquaipark,Pizzeria Mama Mia,33,Pizzeria
Loquaipark,Konditorei Caffe,72,Café
Loquaipark,Gastwirtschaft Steman,80,Austrian Restaurant
Loquaipark,Cafe Jelinek,82,Café
Loquaipark,Peti Pari,82,Café
Loquaipark,Cafe Jersey,88,Café
Loquaipark,Heinzi's Beisl,93,Austrian Restaurant
Loquaipark,Café Grüner Salon - das glutenfreie Café,95,Café
Loquaipark,Burek Kod Braće - Börek bei den Brüdern,107,Bakery
Loquaipark,Anatolia Schnitzel,120,Burger Joint
Schottenring U /Herminengasse,Wiener Schützenhaus,32,Dining and Drinking
Schottenring U /Herminengasse,Zum Friedensrichter,51,Gastropub
Schottenring U /Herminengasse,NENI am Wasser,92,Dining and Drinking
Schottenring U /Herminengasse,Kvetch Burger,125,Burger Joint
Schottenring U /Herminengasse,Konfuzius,132,Asian Restaurant
Schottenring U /Herminengasse,Cafe Lounge,147,Café
Schottenring U /Herminengasse,Ströck,156,Bakery
Schottenring U /Herminengasse,LieblinXplatz,169,Café
Schottenring U /Herminengasse,Nudeln Wok Sushi,169,Asian Restaurant
Schottenring U /Herminengasse,Würstelstand H Schottenring,175,Bratwurst Joint
Turnergasse,Josef Schrott,72,Bakery
Turnergasse,Mr. Schnitzel,84,Fast Food Restaurant
Turnergasse,Mariahilferbräu,89,Beer Bar
Turnergasse,Vicky's Cooking,89,Asian Restaurant
Turnergasse,Gasthaus Maria vom Siege,115,Dining and Drinking
Turnergasse,Tesla Pizza & Concept,120,Italian Restaurant
Turnergasse,News Cafe,137,Café
Turnergasse,Okay Pizza,147,Fast Food Restaurant
Turnergasse,XL Hollywood Burger,150,American Restaurant
Turnergasse,Genussmittel,151,Bakery
Brünnlbadgasse,Restaurant Winter,15,Dining and Drinking
Brünnlbadgasse,Mel & Koffie,38,Bakery
Brünnlbadgasse,Bäckerei Ücler,41,Bakery
Brünnlbadgasse,And's Potato,41,Poutine Restaurant
Brünnlbadgasse,Wiki Wiki Poke,49,Poke Restaurant
Brünnlbadgasse,Fratelli Valentino,77,Italian Restaurant
Brünnlbadgasse,Asian Onesinn,84,Chinese Restaurant
Brünnlbadgasse,Pizzeria - Ristorante Toscana,98,Pizzeria
Brünnlbadgasse,Bäckerei Müller,108,Bakery
Brünnlbadgasse,Takumi,110,Ramen Restaurant
Museumsquartier U2,Veganmania,32,Food Court
Museumsquartier U2,Fusan Restaurant,54,Asian Restaurant
Museumsquartier U2,Apapika Bowls (Apapika),67,Poke Restaurant
Museumsquartier U2,Moreno,81,Café
Museumsquartier U2,Konditorei Oberlaa,83,Pastry Shop
Museumsquartier U2,Un Petit Cafe,89,Café
Museumsquartier U2,Maria und Josef,96,Dining and Drinking
Museumsquartier U2,Anker,103,Bakery
Museumsquartier U2,Max & Benito,122,Burrito Restaurant
Museumsquartier U2,Addicted to Rock Store,144,Clothing Store
Schönbornpark,Via Toledo,4,Pizzeria
Schönbornpark,Die Kantin,8,Gastropub
Schönbornpark,Marani Georgische Spezialitäten,13,Caucasian Restaurant
Schönbornpark,Hildebrandt Café,25,Café
Schönbornpark,Wildling,88,Dining and Drinking
Schönbornpark,Kleines Wiener Cafe,111,Café
Schönbornpark,Sal E Café,111,Café
Schönbornpark,Mahal,123,Indian Restaurant
Schönbornpark,Kaisaki Sushi,125,Sushi Restaurant
Schönbornpark,Pizzeria Mille Notte,126,Pizzeria
Frankhplatz,Anker,102,Bakery
Frankhplatz,Pasta2go,103,Italian Restaurant
Frankhplatz,Edison,108,Café
Frankhplatz,Bitzinger Wiener Kulinarium,109,Austrian Restaurant
Frankhplatz,Fanaberia,115,Eastern European Restaurant
Frankhplatz,Stadtkind,130,Café
Frankhplatz,CaffeeTeeRiha,132,Café
Frankhplatz,Schatz Imhof,137,Austrian Restaurant
Frankhplatz,Dorato GmbH,144,Bar
Frankhplatz,Cafe Standkind,144,Bistro
Canisiusgasse,Cafe Truth,45,Café
Canisiusgasse,Bäckerei Adamec,81,Bakery
Canisiusgasse,Nekams Stüberl,83,Café
Canisiusgasse,Asia Wok Restaurant Jackie Chan,92,Chinese Restaurant
Canisiusgasse,Sinohouse,113,Dining and Drinking
Canisiusgasse,Safran,117,Persian Restaurant
Canisiusgasse,Restaurant Edelschmankerl,131,Gastropub
Canisiusgasse,Cafe-Konditorei Monarchie,162,Bistro
Canisiusgasse,1-Euro-Wirt,190,Dining and Drinking
Canisiusgasse,S' Brettl,192,Diner
Ceija-Stojka-Platz,Noodle World,75,Chinese Restaurant
Ceija-Stojka-Platz,Xiang Haus - Asia Restaurant,76,Asian Restaurant
Ceija-Stojka-Platz,5 Elemente,78,Asian Restaurant
Ceija-Stojka-Platz,Klasse Hasse,82,BBQ Joint
Ceija-Stojka-Platz,Pizza Speedy,98,Pizzeria
Ceija-Stojka-Platz,Bäckerei Geier,105,Bakery
Ceija-Stojka-Platz,Pizzeria L' Idea,109,Italian Restaurant
Ceija-Stojka-Platz,Bernardstüberl,119,Inn
Ceija-Stojka-Platz,Zum Johann,120,Deli
Ceija-Stojka-Platz,Pars,121,Middle Eastern Restaurant
Arthaberplatz,Schnitzelhaus,91,Buffet
Arthaberplatz,Back Werk,152,Bakery
Arthaberplatz,Asia Bistro,155,Bistro
Arthaberplatz,Foggy Dew,162,Pub
Arthaberplatz,Ristorante Carino,179,Pizzeria
Arthaberplatz,Steak House - Bbq Steak World,182,Steakhouse
Arthaberplatz,Seza! Fisch Traum,185,Seafood Restaurant
Arthaberplatz,Steakhouse Derya,187,Dining and Drinking
Arthaberplatz,Ti Amo,198,Pizzeria
Arthaberplatz,Choco Teria,209,Cafeteria
Siebenbrunnenplatz,Anadolu Backshop,38,Bakery
Siebenbrunnenplatz,Mimoza,61,"Cafe, Coffee, and Tea House"
Siebenbrunnenplatz,Caffe India,68,Indian Restaurant
Siebenbrunnenplatz,Restaurant Sofia,69,Bulgarian Restaurant
Siebenbrunnenplatz,Restaurant Maria Rosa,70,Pizzeria
Siebenbrunnenplatz,Siebenbrunnen Pizza & Schnitzel & Kebab,98,Snack Place
Siebenbrunnenplatz,Cafe Don,104,Café
Siebenbrunnenplatz,Gyros Sta Adelfia,104,Doner Restaurant
Siebenbrunnenplatz,Siebenbrunnen,107,Café
Siebenbrunnenplatz,Café M2,116,Café
Aumannplatz,Koinonia,15,Asian Restaurant
Aumannplatz,Pizzeria Bello,49,Pizzeria
Aumannplatz,Cafe Schlemmer,113,Café
Aumannplatz,Feinkost zum Aumann,127,Gourmet Store
Aumannplatz,Bäckerei Haubi's,128,Bakery
Aumannplatz,Vin - Northern Vietnamese Kitchen,140,Vietnamese Restaurant
Aumannplatz,Ücler,151,Bakery
Aumannplatz,Dast,162,Austrian Restaurant
Aumannplatz,Kosterei - Bäckerei Cafe,163,Café
Aumannplatz,Pizzeria Romantico,170,Pizzeria
Längenfeldgasse U,Hong Kong Keller Neu,80,Asian Restaurant
Längenfeldgasse U,Flexibel Point,95,Dining and Drinking
Längenfeldgasse U,Giersterbräu,129,Gastropub
Längenfeldgasse U,Ristorante Pizzeria Da Palma,131,Pizzeria
Längenfeldgasse U,Pizzeria - zu den Schober,135,Pizzeria
Längenfeldgasse U,Il Momento,153,Bar
Längenfeldgasse U,Magic Stixx - Fusion Street Food,164,Vietnamese Restaurant
Längenfeldgasse U,Aangan,179,Indian Restaurant
Längenfeldgasse U,Türkis,183,Turkish Restaurant
Längenfeldgasse U,Noodle King,185,Chinese Restaurant
Schottentor U,Kebab Pizza Nudel Schottentor,25,Doner Restaurant
Schottentor U,Gourmet-Punschstand,37,Café
Schottentor U,Back & Snack,59,Bakery
Schottentor U,Vip Bäckerei,62,Bakery
Schottentor U,Kota Radja,62,Noodle Restaurant
Schottentor U,Aida Café-Konditorei,64,Café
Schottentor U,Votivpark Picknick,68,Sandwich Spot
Schottentor U,Lucky Noodles,69,Noodle Restaurant
Schottentor U,Café Gourmet Audimax,82,Café
Schottentor U,Cafe Stein,84,Bistro
Johnstrasse U,Alwin's Restaurant,27,Gastropub
Johnstrasse U,McDonald's,73,Burger Joint
Johnstrasse U,My Noodles and Tantuni,82,Fast Food Restaurant
Johnstrasse U,Mäci,83,Turkish Restaurant
Johnstrasse U,China-Restaurant Shang Li,85,Asian Restaurant
Johnstrasse U,Cafe Tivoli,85,Café
Johnstrasse U,The Golden Harp,98,Pub
Johnstrasse U,Kanya,100,Asian Restaurant
Johnstrasse U,Sinan's bäckerei,101,Bakery
Johnstrasse U,Mr. İsot,121,Snack Place
Kutschkergasse,Süßes Währing,30,Bakery
Kutschkergasse,Atlantis Fisch,35,Seafood Restaurant
Kutschkergasse,Himmelblau,48,Café
Kutschkergasse,Pöhl am Kutschkermark,48,Breakfast Spot
Kutschkergasse,Pöhl's Käsestand / Cantine,61,Deli
Kutschkergasse,TANIS am Kutschkermarkt - Weltmeister Kebap,68,Doner Restaurant
Kutschkergasse,Kurkonditorei Oberlaa,68,Café
Kutschkergasse,Nordsee,70,Seafood Restaurant
Kutschkergasse,Öfferl,72,Bakery
Kutschkergasse,Trzesniewski,77,Buffet
Brückengasse,Bäckerei Hafner,16,Bakery
Brückengasse,Café Habakuk,20,Café
Brückengasse,Disco Volante,25,Pizzeria
Brückengasse,Pizza Mari' Gumpendorferstrasse,34,Pizzeria
Brückengasse,La Pergola Osteria Friulana,50,Italian Restaurant
Brückengasse,Don Camillo,50,Italian Restaurant
Brückengasse,Jas - Persische Spezialitäten,68,Middle Eastern Restaurant
Brückengasse,Edo Sushi,69,Sushi Restaurant
Brückengasse,Panda togo,80,Asian Restaurant
Brückengasse,Gartencafe,90,Café
Stadion U,Tchibo GmbH,21,Café
Stadion U,Ströck,51,Bakery
Stadion U,Don Camillo,68,Italian Restaurant
Stadion U,Harry Holzer Cafe Bar,79,Café
Stadion U,Stadion Kebab & Pizza,82,Kebab Restaurant
Stadion U,Sajado,84,Asian Restaurant
Stadion U,Zum Burgenländer,84,Austrian Restaurant
Stadion U,Anker,85,Bakery
Stadion U,Tauber,98,Dining and Drinking
Stadion U,Cafebar Konditorei Knotzer,98,Café
Praterstern Ausstellungsstraße,Zum Kaiser,47,German Restaurant
Praterstern Ausstellungsstraße,Eisvogel,49,Diner
Praterstern Ausstellungsstraße,Würstelbude,58,Food Truck
Praterstern Ausstellungsstraße,Samucci,69,Food Court
Praterstern Ausstellungsstraße,Salamucci,71,Amusement Park
Praterstern Ausstellungsstraße,Rollercoaster Restaurant,82,American Restaurant
Praterstern Ausstellungsstraße,Waggon 31,97,Café
Praterstern Ausstellungsstraße,Antica Gelateria del Corso,99,Café
Praterstern Ausstellungsstraße,Bitzinger Würstelstand,104,Hot Dog Joint
Praterstern Ausstellungsstraße,Tradition Die Bewegt,112,Dining and Drinking
Schönbrunn U,Wientalstüberl,38,Austrian Restaurant
Schönbrunn U,Radler's Grill-Imbiss,51,Beer Garden
Schönbrunn U,Pizzaria Venezia,117,Italian Restaurant
Schönbrunn U,Restaurant Sokace,153,BBQ Joint
Schönbrunn U,Pizzeria Santa Lucia,190,Pizzeria
Schönbrunn U,Rino Restaurant,213,Restaurant
Schönbrunn U,Schönbrunner Stöckl,223,Diner
Schönbrunn U,Kuzumun Malikanesi,272,Turkish Restaurant
Schönbrunn U,Lancia Lounge,298,Bar
Schönbrunn U,Restaurant Kunlun,308,Cantonese Restaurant
Gußhausstraße / Argentinierstraße,Cafe-Restaurant HaferPoint,25,Restaurant
Gußhausstraße / Argentinierstraße,Z'som,33,Café
Gußhausstraße / Argentinierstraße,Gorilla Kitchen,38,Buffet
Gußhausstraße / Argentinierstraße,Delicious Monster,40,Burger Joint
Gußhausstraße / Argentinierstraße,Restaurant Gußhaus,43,Austrian Restaurant
Gußhausstraße / Argentinierstraße,Gorilla Shops GmbH,47,Import and Export Service
Gußhausstraße / Argentinierstraße,Ostmeer,66,Chinese Restaurant
Gußhausstraße / Argentinierstraße,Chuan Fu,79,Chinese Restaurant
Gußhausstraße / Argentinierstraße,Arthur & Arthur,80,Gastropub
Gußhausstraße / Argentinierstraße,China Garten,88,Asian Restaurant
Althanstraße,Baomi,48,Vietnamese Restaurant
Althanstraße,Tokyo Noodle,57,Asian Restaurant
Althanstraße,Ristorante Mediterrano,119,Italian Restaurant
Althanstraße,Kim Chingu,124,Korean Restaurant
Althanstraße,Mensa Unicredit,143,Dining and Drinking
Althanstraße,Bistro,145,Breakfast Spot
Althanstraße,Christos,148,Greek Restaurant
Althanstraße,Ströck Schottenring,157,Bakery
Althanstraße,Restaurant Heilige Kuh,172,Indian Restaurant
Althanstraße,Zum Reznicek,182,Bar
Modecenterstraße / The Marks,Noodle King,91,Asian Restaurant
Modecenterstraße / The Marks,GOURMET Lunch Marximum,95,Cafeteria
Modecenterstraße / The Marks,Café Aspretto,116,Café
Modecenterstraße / The Marks,Würstlmausi,175,Austrian Restaurant
Modecenterstraße / The Marks,Marco Simonis - Urban Appetite,210,Deli
Modecenterstraße / The Marks,Marximum Kantine,229,Dining and Drinking
Modecenterstraße / The Marks,Felber,301,Bakery
Modecenterstraße / The Marks,Gasthaus Barbaneck,310,Dining and Drinking
Modecenterstraße / The Marks,Anker,314,Bakery
Modecenterstraße / The Marks,Noodles,315,Noodle Restaurant
Am Langen Felde,Napoleon,244,Austrian Restaurant
Am Langen Felde,Buffet zum Schani,283,Snack Place
Am Langen Felde,China-Restaurant Lucky Star,366,Asian Restaurant
Am Langen Felde,Aangan,367,Indian Restaurant
Am Langen Felde,Einkehr Weisser Esel,421,Beer Bar
Am Langen Felde,Jun Thai Grill Imbiss,426,Thai Restaurant
Am Langen Felde,City Pizza,427,Indian Restaurant
Am Langen Felde,Schitzl Land,437,Food Court
Am Langen Felde,Domino's Pizza,443,Pizzeria
Am Langen Felde,Pizzeria Fantastica,450,Pizzeria
